report_period,article_sku,quantity,unit_price,amount,freight
2024-01,ART-0000,7,23.36,163.52,5.78
2024-01,ART-0001,14,33.37,467.18,16.37
2024-01,ART-0002,11,27.99,307.89,10.14
2024-01,ART-0003,7,17.97,125.79,4.07
2024-01,ART-0004,6,21.74,130.44,4.01
2024-01,ART-0005,4,22.7,90.8,3.18
2024-01,ART-0006,14,27.29,382.06,12.04
2024-01,ART-0007,9,21.82,196.38,6.73
2024-01,ART-0008,7,10.14,70.98,2.26
2024-01,ART-0009,5,28.21,141.05,4.58
2024-01,ART-0010,27,36.92,996.84,25.92
2024-01,ART-0011,17,25.81,438.77,13.01
2024-01,ART-0012,10,16.0,160.0,5.48
2024-01,ART-0013,3,25.87,77.61,2.15
2024-01,ART-0014,8,26.02,208.16,7.3
2024-01,ART-0015,22,28.16,619.52,23.38
2024-01,ART-0016,8,42.89,343.12,11.88
2024-01,ART-0017,9,24.2,217.8,5.98
2024-01,ART-0018,23,8.33,191.59,6.59
2024-01,ART-0019,11,15.04,165.44,4.44
2024-01,ART-0020,21,29.37,616.77,21.07
2024-01,ART-0021,8,37.54,300.32,10.45
2024-01,ART-0022,29,13.69,397.01,14.14
2024-01,ART-0023,12,16.14,193.68,7.35
2024-01,ART-0024,10,30.96,309.6,9.28
2024-01,ART-0025,7,25.76,180.32,5.71
2024-01,ART-0026,19,15.93,302.67,10.35
2024-01,ART-0027,10,12.99,129.9,3.95
2024-01,ART-0028,46,27.59,1269.14,45.29
2024-01,ART-0029,10,42.52,425.2,13.17
2024-01,ART-0030,6,44.97,269.82,9.3
2024-01,ART-0031,22,16.77,368.94,10.52
2024-01,ART-0032,13,34.36,446.68,14.5
2024-01,ART-0033,19,21.3,404.7,12.61
2024-01,ART-0034,5,9.9,49.5,1.47
2024-01,ART-0035,12,19.58,234.96,6.26
2024-01,ART-0036,11,28.84,317.24,9.95
2024-01,ART-0038,9,41.22,370.98,11.4
2024-01,ART-0040,7,13.71,95.97,2.8
2024-01,ART-0041,41,16.43,673.63,19.32
2024-01,ART-0043,5,16.56,82.8,2.99
2024-01,ART-0044,46,11.65,535.9,17.24
2024-01,ART-0045,5,14.5,72.5,2.05
2024-01,ART-0046,14,23.47,328.58,10.69
2024-01,ART-0047,9,24.06,216.54,7.14
2024-01,ART-0048,24,14.54,348.96,9.38
2024-01,ART-0049,4,42.09,168.36,5.39
2024-01,ART-0050,11,31.59,347.49,11.91
2024-01,ART-0051,14,7.16,100.24,2.85
2024-01,ART-0052,3,21.06,63.18,2.14
2024-01,ART-0054,17,15.91,270.47,8.11
2024-01,ART-0055,16,15.45,247.2,5.8
2024-01,ART-0056,19,29.06,552.14,17.13
2024-01,ART-0057,55,24.06,1323.3,36.1
2024-01,ART-0058,9,40.11,360.99,10.65
2024-01,ART-0059,11,10.18,111.98,4.54
2024-01,ART-0061,17,19.27,327.59,7.94
2024-01,ART-0062,8,20.36,162.88,5.11
2024-01,ART-0063,15,15.68,235.2,7.43
2024-01,ART-0064,14,12.83,179.62,7.51
2024-01,ART-0065,8,33.05,264.4,7.74
2024-01,ART-0067,12,13.88,166.56,5.61
2024-01,ART-0068,13,73.0,949.0,28.98
2024-01,ART-0069,14,15.19,212.66,5.31
2024-01,ART-0070,5,44.29,221.45,5.86
2024-01,ART-0071,14,7.43,104.02,2.82
2024-01,ART-0072,16,23.29,372.64,12.55
2024-01,ART-0073,9,19.54,175.86,7.0
2024-01,ART-0074,5,22.8,114.0,3.69
2024-01,ART-0075,5,41.44,207.2,5.49
2024-01,ART-0077,3,14.58,43.74,1.35
2024-01,ART-0078,23,19.63,451.49,16.43
2024-01,ART-0081,8,14.28,114.24,3.32
2024-01,ART-0082,18,48.92,880.56,28.0
2024-01,ART-0083,15,18.17,272.55,10.33
2024-01,ART-0084,16,15.81,252.96,7.22
2024-01,ART-0085,33,50.75,1674.75,50.86
2024-01,ART-0086,21,24.41,512.61,14.1
2024-01,ART-0087,5,28.22,141.1,3.82
2024-01,ART-0088,30,21.53,645.9,16.76
2024-01,ART-0089,12,39.78,477.36,11.66
2024-01,ART-0090,11,22.65,249.15,8.11
2024-01,ART-0091,24,20.52,492.48,15.72
2024-01,ART-0092,23,30.55,702.65,21.51
2024-01,ART-0093,6,13.75,82.5,2.22
2024-01,ART-0094,16,11.35,181.6,5.8
2024-01,ART-0095,14,13.51,189.14,5.71
2024-01,ART-0096,13,14.63,190.19,5.57
2024-01,ART-0097,13,30.87,401.31,11.28
2024-01,ART-0098,4,24.19,96.76,3.25
2024-01,ART-0099,4,24.66,98.64,3.13
2024-01,ART-0100,11,9.41,103.51,3.7
2024-01,ART-0101,24,22.7,544.8,18.41
2024-01,ART-0103,16,13.99,223.84,6.6
2024-01,ART-0104,6,21.59,129.54,4.2
2024-01,ART-0105,12,7.16,85.92,2.24
2024-01,ART-0106,48,35.98,1727.04,44.23
2024-01,ART-0107,17,32.87,558.79,14.39
2024-01,ART-0108,5,19.04,95.2,2.6
2024-01,ART-0110,36,11.59,417.24,10.74
2024-01,ART-0111,8,28.14,225.12,5.83
2024-01,ART-0112,4,17.99,71.96,2.31
2024-01,ART-0113,35,17.13,599.55,17.18
2024-01,ART-0114,8,25.09,200.72,4.81
2024-01,ART-0115,9,18.97,170.73,4.7
2024-01,ART-0116,7,13.16,92.12,2.91
2024-01,ART-0118,6,15.72,94.32,2.9
2024-01,ART-0119,5,34.31,171.55,5.49
2024-01,ART-0120,20,10.71,214.2,6.86
2024-01,ART-0121,21,11.5,241.5,7.33
2024-01,ART-0122,11,23.25,255.75,7.35
2024-01,ART-0123,10,17.66,176.6,5.69
2024-01,ART-0124,17,11.52,195.84,5.26
2024-01,ART-0125,29,14.25,413.25,8.04
2024-01,ART-0126,26,17.54,456.04,13.74
2024-01,ART-0127,13,18.66,242.58,5.69
2024-01,ART-0130,8,50.18,401.44,15.32
2024-01,ART-0131,11,34.43,378.73,11.57
2024-01,ART-0132,6,30.98,185.88,5.69
2024-01,ART-0133,6,13.16,78.96,2.08
2024-01,ART-0135,27,13.06,352.62,12.06
2024-01,ART-0136,16,24.41,390.56,13.74
2024-01,ART-0137,12,20.95,251.4,9.08
2024-01,ART-0138,5,15.88,79.4,2.03
2024-01,ART-0139,13,15.88,206.44,6.64
2024-01,ART-0140,5,19.3,96.5,2.84
2024-01,ART-0141,5,18.54,92.7,2.72
2024-01,ART-0142,5,23.06,115.3,2.99
2024-01,ART-0143,10,19.0,190.0,6.5
2024-01,ART-0144,10,19.23,192.3,6.02
2024-01,ART-0145,17,24.01,408.17,12.64
2024-01,ART-0147,7,26.4,184.8,5.52
2024-01,ART-0148,18,28.37,510.66,16.35
2024-01,ART-0149,8,16.68,133.44,4.94
2024-02,ART-0001,17,33.29,565.93,16.97
2024-02,ART-0002,23,28.16,647.68,22.69
2024-02,ART-0003,7,17.71,123.97,4.58
2024-02,ART-0004,5,21.79,108.95,3.72
2024-02,ART-0005,4,22.75,91.0,2.95
2024-02,ART-0006,14,27.01,378.14,12.58
2024-02,ART-0007,6,22.05,132.3,3.5
2024-02,ART-0008,6,10.09,60.54,2.03
2024-02,ART-0009,8,28.79,230.32,6.23
2024-02,ART-0010,14,37.48,524.72,13.02
2024-02,ART-0011,23,25.87,595.01,19.34
2024-02,ART-0012,18,15.49,278.82,7.86
2024-02,ART-0013,2,26.02,52.04,1.54
2024-02,ART-0014,12,25.78,309.36,10.45
2024-02,ART-0015,25,28.54,713.5,18.72
2024-02,ART-0016,8,43.04,344.32,9.21
2024-02,ART-0018,19,8.49,161.31,5.66
2024-02,ART-0021,10,37.22,372.2,14.35
2024-02,ART-0022,29,13.13,380.77,14.56
2024-02,ART-0023,11,16.24,178.64,5.48
2024-02,ART-0024,14,31.54,441.56,15.63
2024-02,ART-0027,13,12.97,168.61,6.12
2024-02,ART-0029,13,41.76,542.88,17.67
2024-02,ART-0030,5,44.94,224.7,6.4
2024-02,ART-0031,39,16.8,655.2,18.94
2024-02,ART-0032,10,34.71,347.1,10.79
2024-02,ART-0033,9,20.86,187.74,6.76
2024-02,ART-0034,3,9.91,29.73,0.88
2024-02,ART-0035,7,19.78,138.46,4.36
2024-02,ART-0036,9,28.41,255.69,7.57
2024-02,ART-0038,12,41.14,493.68,15.96
2024-02,ART-0040,7,13.78,96.46,3.93
2024-02,ART-0041,27,16.48,444.96,11.42
2024-02,ART-0042,4,31.42,125.68,4.83
2024-02,ART-0043,4,16.89,67.56,1.81
2024-02,ART-0044,30,11.56,346.8,9.59
2024-02,ART-0045,7,14.42,100.94,3.86
2024-02,ART-0047,5,24.48,122.4,3.15
2024-02,ART-0049,5,42.42,212.1,7.0
2024-02,ART-0050,12,33.52,402.24,11.41
2024-02,ART-0051,13,7.15,92.95,2.53
2024-02,ART-0052,4,21.12,84.48,2.95
2024-02,ART-0054,15,15.91,238.65,6.2
2024-02,ART-0055,14,15.66,219.24,5.03
2024-02,ART-0056,22,29.11,640.42,23.19
2024-02,ART-0057,33,23.78,784.74,24.98
2024-02,ART-0058,13,40.1,521.3,17.19
2024-02,ART-0059,17,10.35,175.95,3.85
2024-02,ART-0060,31,10.26,318.06,10.29
2024-02,ART-0061,9,19.09,171.81,5.22
2024-02,ART-0062,10,20.39,203.9,8.46
2024-02,ART-0063,13,15.88,206.44,8.11
2024-02,ART-0064,12,12.7,152.4,5.93
2024-02,ART-0066,7,37.49,262.43,6.47
2024-02,ART-0067,25,13.43,335.75,10.36
2024-02,ART-0068,15,72.31,1084.65,29.49
2024-02,ART-0069,7,15.1,105.7,3.83
2024-02,ART-0070,4,43.01,172.04,6.01
2024-02,ART-0071,18,7.33,131.94,4.38
2024-02,ART-0072,12,23.54,282.48,9.04
2024-02,ART-0074,8,22.94,183.52,5.18
2024-02,ART-0075,4,41.51,166.04,4.78
2024-02,ART-0076,8,12.7,101.6,3.18
2024-02,ART-0077,4,14.61,58.44,1.9
2024-02,ART-0078,15,19.61,294.15,8.87
2024-02,ART-0079,6,13.65,81.9,2.0
2024-02,ART-0080,15,36.77,551.55,17.16
2024-02,ART-0082,12,49.91,598.92,19.93
2024-02,ART-0083,20,18.23,364.6,12.3
2024-02,ART-0084,14,15.47,216.58,6.6
2024-02,ART-0085,27,51.44,1388.88,41.41
2024-02,ART-0086,14,24.37,341.18,10.69
2024-02,ART-0087,4,28.3,113.2,3.25
2024-02,ART-0088,18,21.49,386.82,10.59
2024-02,ART-0089,9,38.83,349.47,12.61
2024-02,ART-0090,10,22.99,229.9,7.96
2024-02,ART-0091,24,20.29,486.96,15.39
2024-02,ART-0092,21,30.68,644.28,17.99
2024-02,ART-0093,8,13.96,111.68,2.99
2024-02,ART-0094,12,11.39,136.68,4.37
2024-02,ART-0095,18,13.62,245.16,8.92
2024-02,ART-0096,11,14.67,161.37,4.4
2024-02,ART-0097,19,31.09,590.71,20.18
2024-02,ART-0099,4,24.29,97.16,2.78
2024-02,ART-0100,12,9.83,117.96,3.05
2024-02,ART-0101,21,22.87,480.27,13.64
2024-02,ART-0104,13,21.52,279.76,9.59
2024-02,ART-0105,8,7.21,57.68,1.51
2024-02,ART-0106,25,35.6,890.0,17.71
2024-02,ART-0107,15,33.77,506.55,16.08
2024-02,ART-0108,5,19.36,96.8,2.97
2024-02,ART-0109,10,20.05,200.5,6.23
2024-02,ART-0111,16,27.9,446.4,13.6
2024-02,ART-0112,7,18.09,126.63,4.3
2024-02,ART-0114,7,25.11,175.77,4.53
2024-02,ART-0115,6,18.94,113.64,4.63
2024-02,ART-0116,12,13.28,159.36,4.02
2024-02,ART-0117,43,37.63,1618.09,52.72
2024-02,ART-0118,15,15.25,228.75,6.2
2024-02,ART-0120,19,10.73,203.87,6.56
2024-02,ART-0121,14,11.46,160.44,5.08
2024-02,ART-0122,14,23.11,323.54,10.1
2024-02,ART-0123,11,17.83,196.13,6.33
2024-02,ART-0124,18,11.66,209.88,6.24
2024-02,ART-0125,18,14.13,254.34,6.66
2024-02,ART-0126,9,17.82,160.38,5.04
2024-02,ART-0127,12,18.7,224.4,7.21
2024-02,ART-0128,13,9.87,128.31,4.59
2024-02,ART-0129,9,36.47,328.23,10.07
2024-02,ART-0130,5,49.91,249.55,7.58
2024-02,ART-0131,5,34.11,170.55,5.38
2024-02,ART-0132,6,31.05,186.3,5.68
2024-02,ART-0133,5,13.03,65.15,1.82
2024-02,ART-0135,12,13.07,156.84,4.99
2024-02,ART-0136,24,24.09,578.16,15.15
2024-02,ART-0137,8,21.29,170.32,5.0
2024-02,ART-0138,8,15.97,127.76,4.0
2024-02,ART-0139,21,16.24,341.04,10.14
2024-02,ART-0140,3,18.74,56.22,1.84
2024-02,ART-0141,5,18.81,94.05,3.25
2024-02,ART-0142,3,23.84,71.52,2.03
2024-02,ART-0143,10,18.94,189.4,4.89
2024-02,ART-0144,12,19.3,231.6,6.9
2024-02,ART-0145,15,23.9,358.5,11.17
2024-02,ART-0146,5,11.63,58.15,1.9
2024-02,ART-0147,10,25.85,258.5,7.71
2024-02,ART-0148,25,28.98,724.5,28.2
2024-02,ART-0149,5,16.99,84.95,3.17
2024-03,ART-0000,6,23.58,141.48,4.57
2024-03,ART-0001,28,34.15,956.2,23.08
2024-03,ART-0002,15,28.05,420.75,15.05
2024-03,ART-0003,7,18.01,126.07,4.17
2024-03,ART-0004,6,21.89,131.34,4.67
2024-03,ART-0005,4,22.82,91.28,3.18
2024-03,ART-0007,9,21.82,196.38,6.01
2024-03,ART-0008,8,10.38,83.04,2.71
2024-03,ART-0009,7,28.46,199.22,5.84
2024-03,ART-0010,29,37.12,1076.48,33.51
2024-03,ART-0011,15,26.03,390.45,13.16
2024-03,ART-0012,18,15.76,283.68,10.11
2024-03,ART-0015,17,29.1,494.7,14.94
2024-03,ART-0016,7,42.5,297.5,6.87
2024-03,ART-0017,12,24.47,293.64,10.17
2024-03,ART-0018,16,8.34,133.44,3.48
2024-03,ART-0019,8,15.23,121.84,2.97
2024-03,ART-0020,10,28.74,287.4,7.54
2024-03,ART-0021,11,37.08,407.88,11.01
2024-03,ART-0022,27,13.35,360.45,10.41
2024-03,ART-0023,12,16.07,192.84,5.66
2024-03,ART-0024,11,31.25,343.75,12.7
2024-03,ART-0025,8,25.84,206.72,5.83
2024-03,ART-0026,9,16.29,146.61,5.26
2024-03,ART-0029,13,42.81,556.53,20.46
2024-03,ART-0030,5,44.8,224.0,6.17
2024-03,ART-0031,32,16.85,539.2,12.78
2024-03,ART-0033,17,20.89,355.13,10.6
2024-03,ART-0034,3,9.97,29.91,1.0
2024-03,ART-0035,6,19.79,118.74,3.93
2024-03,ART-0036,12,28.88,346.56,9.79
2024-03,ART-0037,26,23.28,605.28,20.59
2024-03,ART-0038,9,41.52,373.68,10.7
2024-03,ART-0039,6,37.63,225.78,8.36
2024-03,ART-0040,10,13.74,137.4,4.52
2024-03,ART-0041,27,16.33,440.91,11.34
2024-03,ART-0042,3,31.48,94.44,3.21
2024-03,ART-0044,35,11.76,411.6,13.0
2024-03,ART-0047,6,24.45,146.7,3.44
2024-03,ART-0052,4,21.02,84.08,2.22
2024-03,ART-0053,32,15.35,491.2,14.01
2024-03,ART-0054,10,16.08,160.8,4.77
2024-03,ART-0055,13,15.4,200.2,6.93
2024-03,ART-0056,19,29.09,552.71,17.65
2024-03,ART-0059,9,10.24,92.16,2.34
2024-03,ART-0060,25,10.33,258.25,7.98
2024-03,ART-0061,12,19.72,236.64,7.49
2024-03,ART-0062,12,20.14,241.68,7.15
2024-03,ART-0064,17,12.6,214.2,8.4
2024-03,ART-0065,14,32.51,455.14,12.77
2024-03,ART-0066,5,38.5,192.5,6.05
2024-03,ART-0068,14,72.93,1021.02,30.39
2024-03,ART-0069,12,14.91,178.92,5.85
2024-03,ART-0070,5,43.48,217.4,4.87
2024-03,ART-0071,10,7.38,73.8,1.87
2024-03,ART-0072,13,23.1,300.3,10.65
2024-03,ART-0073,13,19.36,251.68,8.2
2024-03,ART-0074,5,22.92,114.6,3.56
2024-03,ART-0076,11,13.17,144.87,4.3
2024-03,ART-0077,5,14.83,74.15,2.47
2024-03,ART-0079,6,13.66,81.96,3.06
2024-03,ART-0080,16,37.55,600.8,18.3
2024-03,ART-0081,5,14.15,70.75,1.98
2024-03,ART-0082,10,50.76,507.6,12.31
2024-03,ART-0083,14,17.98,251.72,6.71
2024-03,ART-0084,16,15.72,251.52,9.0
2024-03,ART-0085,13,50.15,651.95,15.44
2024-03,ART-0088,21,21.41,449.61,15.33
2024-03,ART-0089,8,39.1,312.8,9.95
2024-03,ART-0090,9,22.44,201.96,5.15
2024-03,ART-0091,17,20.51,348.67,13.88
2024-03,ART-0092,26,30.5,793.0,24.16
2024-03,ART-0093,5,13.91,69.55,2.03
2024-03,ART-0094,8,11.31,90.48,2.99
2024-03,ART-0095,17,13.9,236.3,8.38
2024-03,ART-0096,17,14.46,245.82,9.06
2024-03,ART-0098,6,23.65,141.9,3.97
2024-03,ART-0099,3,24.57,73.71,1.96
2024-03,ART-0100,14,9.67,135.38,4.29
2024-03,ART-0101,19,22.67,430.73,14.1
2024-03,ART-0102,12,21.64,259.68,7.46
2024-03,ART-0103,12,14.0,168.0,4.66
2024-03,ART-0105,8,7.1,56.8,1.78
2024-03,ART-0106,27,34.96,943.92,24.29
2024-03,ART-0108,7,19.24,134.68,2.96
2024-03,ART-0109,8,20.05,160.4,4.43
2024-03,ART-0110,24,11.33,271.92,8.37
2024-03,ART-0112,4,17.75,71.0,2.26
2024-03,ART-0113,22,16.87,371.14,12.99
2024-03,ART-0114,12,25.47,305.64,9.21
2024-03,ART-0116,12,12.99,155.88,5.15
2024-03,ART-0118,10,15.84,158.4,5.02
2024-03,ART-0119,4,34.86,139.44,4.4
2024-03,ART-0120,20,10.64,212.8,5.83
2024-03,ART-0121,29,11.53,334.37,9.49
2024-03,ART-0122,17,23.08,392.36,12.52
2024-03,ART-0123,5,17.83,89.15,3.73
2024-03,ART-0125,24,14.28,342.72,13.37
2024-03,ART-0126,10,17.81,178.1,4.35
2024-03,ART-0127,7,19.07,133.49,3.64
2024-03,ART-0130,6,49.63,297.78,8.46
2024-03,ART-0131,7,34.82,243.74,9.13
2024-03,ART-0133,6,12.9,77.4,2.59
2024-03,ART-0134,9,17.56,158.04,5.25
2024-03,ART-0135,17,13.0,221.0,6.37
2024-03,ART-0136,10,24.38,243.8,9.87
2024-03,ART-0137,9,20.87,187.83,4.73
2024-03,ART-0138,15,15.94,239.1,7.53
2024-03,ART-0139,14,16.01,224.14,7.1
2024-03,ART-0140,5,19.29,96.45,3.78
2024-03,ART-0141,4,18.54,74.16,2.38
2024-03,ART-0142,5,23.66,118.3,3.8
2024-03,ART-0143,9,18.65,167.85,4.93
2024-03,ART-0145,17,23.78,404.26,12.05
2024-03,ART-0146,6,11.61,69.66,2.26
2024-03,ART-0147,7,26.13,182.91,6.06
2024-03,ART-0148,41,28.18,1155.38,39.3
2024-03,ART-0149,6,16.41,98.46,3.3
2024-04,ART-0000,12,23.33,279.96,9.22
2024-04,ART-0001,18,33.08,595.44,19.14
2024-04,ART-0002,16,28.61,457.76,14.06
2024-04,ART-0003,5,17.75,88.75,2.77
2024-04,ART-0004,4,21.78,87.12,2.67
2024-04,ART-0005,5,22.98,114.9,3.68
2024-04,ART-0006,13,26.5,344.5,9.39
2024-04,ART-0007,6,22.22,133.32,4.2
2024-04,ART-0008,6,10.43,62.58,1.68
2024-04,ART-0009,8,28.67,229.36,7.17
2024-04,ART-0010,18,36.87,663.66,20.35
2024-04,ART-0011,23,25.94,596.62,22.27
2024-04,ART-0012,19,15.72,298.68,11.28
2024-04,ART-0015,27,28.99,782.73,29.37
2024-04,ART-0016,7,42.74,299.18,9.77
2024-04,ART-0017,10,24.24,242.4,7.16
2024-04,ART-0018,20,8.48,169.6,5.05
2024-04,ART-0019,8,15.34,122.72,3.9
2024-04,ART-0021,7,36.93,258.51,7.68
2024-04,ART-0022,32,13.32,426.24,14.47
2024-04,ART-0023,11,16.04,176.44,5.61
2024-04,ART-0024,11,31.6,347.6,10.52
2024-04,ART-0025,6,25.62,153.72,5.08
2024-04,ART-0026,17,15.92,270.64,9.84
2024-04,ART-0027,11,13.12,144.32,5.27
2024-04,ART-0028,33,28.03,924.99,29.16
2024-04,ART-0029,9,42.35,381.15,11.19
2024-04,ART-0030,5,45.21,226.05,8.16
2024-04,ART-0031,35,16.49,577.15,13.07
2024-04,ART-0032,12,34.61,415.32,11.96
2024-04,ART-0033,11,20.86,229.46,6.39
2024-04,ART-0034,6,10.24,61.44,1.54
2024-04,ART-0035,6,19.58,117.48,4.49
2024-04,ART-0036,17,28.43,483.31,14.84
2024-04,ART-0037,20,23.77,475.4,16.18
2024-04,ART-0038,11,41.44,455.84,16.08
2024-04,ART-0040,8,13.64,109.12,3.48
2024-04,ART-0041,30,16.34,490.2,18.86
2024-04,ART-0042,4,32.03,128.12,3.47
2024-04,ART-0043,5,16.5,82.5,3.09
2024-04,ART-0044,23,11.6,266.8,8.09
2024-04,ART-0045,7,14.45,101.15,2.82
2024-04,ART-0046,18,23.49,422.82,9.07
2024-04,ART-0047,9,24.62,221.58,6.91
2024-04,ART-0048,21,14.54,305.34,10.64
2024-04,ART-0049,5,42.82,214.1,5.65
2024-04,ART-0050,9,32.67,294.03,10.17
2024-04,ART-0052,6,21.34,128.04,4.48
2024-04,ART-0053,20,15.13,302.6,8.65
2024-04,ART-0054,12,15.69,188.28,5.03
2024-04,ART-0055,13,15.25,198.25,5.81
2024-04,ART-0056,25,28.94,723.5,19.74
2024-04,ART-0057,27,24.23,654.21,23.97
2024-04,ART-0058,11,40.53,445.83,11.53
2024-04,ART-0059,18,10.46,188.28,6.11
2024-04,ART-0060,20,10.31,206.2,7.83
2024-04,ART-0061,14,19.59,274.26,8.69
2024-04,ART-0062,11,20.22,222.42,7.34
2024-04,ART-0063,16,15.6,249.6,6.88
2024-04,ART-0065,12,32.4,388.8,13.88
2024-04,ART-0066,7,37.5,262.5,8.56
2024-04,ART-0068,12,72.58,870.96,29.09
2024-04,ART-0069,15,15.18,227.7,7.48
2024-04,ART-0070,7,43.2,302.4,7.52
2024-04,ART-0072,18,23.32,419.76,11.51
2024-04,ART-0073,11,19.5,214.5,6.87
2024-04,ART-0074,8,22.6,180.8,5.59
2024-04,ART-0075,4,40.78,163.12,4.4
2024-04,ART-0076,7,12.83,89.81,2.94
2024-04,ART-0077,4,14.53,58.12,1.73
2024-04,ART-0078,33,19.92,657.36,21.9
2024-04,ART-0079,5,13.68,68.4,1.82
2024-04,ART-0081,7,14.16,99.12,2.88
2024-04,ART-0083,17,18.15,308.55,8.03
2024-04,ART-0084,10,15.62,156.2,5.4
2024-04,ART-0086,12,24.82,297.84,9.94
2024-04,ART-0087,6,27.66,165.96,4.7
2024-04,ART-0088,28,21.18,593.04,17.72
2024-04,ART-0089,10,38.65,386.5,12.12
2024-04,ART-0090,9,23.17,208.53,6.44
2024-04,ART-0091,21,20.43,429.03,12.31
2024-04,ART-0092,20,30.97,619.4,17.42
2024-04,ART-0094,7,11.33,79.31,2.71
2024-04,ART-0095,15,13.53,202.95,5.99
2024-04,ART-0097,15,30.7,460.5,14.17
2024-04,ART-0098,7,23.61,165.27,4.98
2024-04,ART-0099,4,24.66,98.64,3.31
2024-04,ART-0101,22,22.46,494.12,16.17
2024-04,ART-0102,19,22.44,426.36,13.27
2024-04,ART-0103,12,13.96,167.52,3.79
2024-04,ART-0104,11,21.86,240.46,7.3
2024-04,ART-0105,8,7.18,57.44,1.7
2024-04,ART-0106,28,35.88,1004.64,26.31
2024-04,ART-0107,18,32.9,592.2,19.5
2024-04,ART-0108,4,19.28,77.12,2.38
2024-04,ART-0109,5,20.27,101.35,3.44
2024-04,ART-0110,27,11.71,316.17,9.42
2024-04,ART-0112,4,17.62,70.48,2.12
2024-04,ART-0113,25,17.15,428.75,13.36
2024-04,ART-0114,7,25.0,175.0,5.9
2024-04,ART-0115,6,19.19,115.14,3.68
2024-04,ART-0117,23,37.82,869.86,28.24
2024-04,ART-0118,11,15.69,172.59,5.78
2024-04,ART-0119,8,34.61,276.88,10.56
2024-04,ART-0120,17,10.75,182.75,4.58
2024-04,ART-0121,18,11.38,204.84,5.84
2024-04,ART-0122,13,23.35,303.55,11.49
2024-04,ART-0123,8,18.21,145.68,4.36
2024-04,ART-0124,24,11.78,282.72,8.02
2024-04,ART-0125,35,14.52,508.2,12.82
2024-04,ART-0126,11,17.75,195.25,6.3
2024-04,ART-0127,7,18.47,129.29,3.93
2024-04,ART-0129,9,36.01,324.09,9.2
2024-04,ART-0130,8,50.32,402.56,16.02
2024-04,ART-0131,6,34.07,204.42,5.8
2024-04,ART-0132,6,30.13,180.78,6.42
2024-04,ART-0133,6,13.21,79.26,2.48
2024-04,ART-0134,8,17.24,137.92,4.13
2024-04,ART-0137,7,21.43,150.01,4.94
2024-04,ART-0138,10,16.21,162.1,5.1
2024-04,ART-0139,12,16.19,194.28,6.65
2024-04,ART-0140,3,19.38,58.14,1.84
2024-04,ART-0141,7,18.58,130.06,3.83
2024-04,ART-0142,8,23.38,187.04,5.76
2024-04,ART-0143,13,18.65,242.45,6.98
2024-04,ART-0144,11,18.89,207.79,5.67
2024-04,ART-0145,14,24.02,336.28,10.46
2024-04,ART-0146,3,11.47,34.41,1.05
2024-04,ART-0147,5,25.64,128.2,3.06
2024-04,ART-0148,27,27.9,753.3,29.56
2024-04,ART-0149,7,16.64,116.48,3.76
2024-05,ART-0000,7,23.29,163.03,5.1
2024-05,ART-0002,16,28.3,452.8,14.5
2024-05,ART-0004,5,21.34,106.7,3.47
2024-05,ART-0005,3,22.5,67.5,2.02
2024-05,ART-0008,7,10.38,72.66,2.55
2024-05,ART-0009,7,28.61,200.27,5.04
2024-05,ART-0010,12,37.45,449.4,15.67
2024-05,ART-0012,17,16.04,272.68,7.1
2024-05,ART-0014,9,25.88,232.92,6.85
2024-05,ART-0015,33,28.32,934.56,29.64
2024-05,ART-0016,7,42.37,296.59,10.12
2024-05,ART-0017,10,24.51,245.1,9.12
2024-05,ART-0019,16,15.34,245.44,5.97
2024-05,ART-0020,14,29.25,409.5,13.77
2024-05,ART-0021,12,36.69,440.28,13.3
2024-05,ART-0022,28,13.4,375.2,11.36
2024-05,ART-0023,11,15.79,173.69,5.42
2024-05,ART-0024,13,31.63,411.19,14.14
2024-05,ART-0026,12,16.09,193.08,5.19
2024-05,ART-0029,8,42.69,341.52,11.2
2024-05,ART-0030,5,44.95,224.75,8.21
2024-05,ART-0031,24,16.79,402.96,11.21
2024-05,ART-0032,15,34.08,511.2,12.67
2024-05,ART-0033,14,20.74,290.36,7.53
2024-05,ART-0034,4,9.88,39.52,0.97
2024-05,ART-0035,7,19.83,138.81,4.43
2024-05,ART-0036,8,28.17,225.36,6.74
2024-05,ART-0037,14,23.56,329.84,7.42
2024-05,ART-0038,7,40.84,285.88,7.82
2024-05,ART-0039,6,37.47,224.82,6.26
2024-05,ART-0040,5,13.75,68.75,2.29
2024-05,ART-0041,19,16.39,311.41,9.07
2024-05,ART-0042,4,31.08,124.32,3.06
2024-05,ART-0043,6,16.75,100.5,3.28
2024-05,ART-0044,48,11.62,557.76,20.69
2024-05,ART-0046,9,23.67,213.03,6.73
2024-05,ART-0048,11,14.46,159.06,4.61
2024-05,ART-0049,5,42.34,211.7,7.02
2024-05,ART-0050,6,32.41,194.46,4.81
2024-05,ART-0051,20,7.24,144.8,4.75
2024-05,ART-0052,5,21.25,106.25,3.34
2024-05,ART-0053,19,15.41,292.79,9.77
2024-05,ART-0055,17,15.65,266.05,6.72
2024-05,ART-0056,18,29.22,525.96,16.98
2024-05,ART-0057,22,23.62,519.64,19.23
2024-05,ART-0059,16,10.42,166.72,5.15
2024-05,ART-0060,26,10.31,268.06,9.53
2024-05,ART-0061,6,19.24,115.44,3.55
2024-05,ART-0062,10,20.5,205.0,6.4
2024-05,ART-0063,14,15.68,219.52,7.84
2024-05,ART-0064,16,12.63,202.08,5.69
2024-05,ART-0065,13,33.15,430.95,11.57
2024-05,ART-0068,19,72.49,1377.31,39.9
2024-05,ART-0069,14,15.21,212.94,6.91
2024-05,ART-0070,5,44.23,221.15,5.4
2024-05,ART-0072,9,23.37,210.33,4.83
2024-05,ART-0073,11,19.26,211.86,8.02
2024-05,ART-0074,9,22.06,198.54,6.8
2024-05,ART-0075,5,40.26,201.3,6.41
2024-05,ART-0076,9,13.02,117.18,3.34
2024-05,ART-0077,7,14.68,102.76,3.18
2024-05,ART-0079,4,13.49,53.96,1.64
2024-05,ART-0080,23,37.18,855.14,27.91
2024-05,ART-0081,6,14.23,85.38,2.27
2024-05,ART-0082,12,50.75,609.0,16.64
2024-05,ART-0084,14,15.81,221.34,9.03
2024-05,ART-0085,36,50.04,1801.44,59.47
2024-05,ART-0086,15,24.86,372.9,10.52
2024-05,ART-0088,15,21.36,320.4,8.96
2024-05,ART-0089,9,39.01,351.09,9.41
2024-05,ART-0090,9,22.68,204.12,6.13
2024-05,ART-0092,22,31.14,685.08,24.94
2024-05,ART-0093,9,13.97,125.73,3.43
2024-05,ART-0094,8,11.12,88.96,2.65
2024-05,ART-0095,11,13.57,149.27,4.5
2024-05,ART-0096,17,14.44,245.48,9.99
2024-05,ART-0097,30,30.67,920.1,25.31
2024-05,ART-0098,6,24.28,145.68,4.48
2024-05,ART-0099,3,24.0,72.0,2.33
2024-05,ART-0100,9,9.58,86.22,2.43
2024-05,ART-0101,29,22.7,658.3,20.59
2024-05,ART-0102,10,22.89,228.9,6.26
2024-05,ART-0103,26,13.83,359.58,8.31
2024-05,ART-0104,7,21.52,150.64,3.77
2024-05,ART-0105,12,7.1,85.2,2.64
2024-05,ART-0106,49,35.84,1756.16,58.88
2024-05,ART-0107,14,33.54,469.56,12.53
2024-05,ART-0108,7,19.33,135.31,3.94
2024-05,ART-0109,6,19.85,119.1,4.04
2024-05,ART-0110,45,11.6,522.0,16.89
2024-05,ART-0112,6,18.0,108.0,2.74
2024-05,ART-0113,28,17.07,477.96,11.16
2024-05,ART-0114,7,25.44,178.08,6.34
2024-05,ART-0115,7,18.79,131.53,3.93
2024-05,ART-0119,6,35.3,211.8,6.22
2024-05,ART-0120,15,10.77,161.55,5.69
2024-05,ART-0121,12,11.62,139.44,4.15
2024-05,ART-0125,16,14.39,230.24,6.75
2024-05,ART-0126,9,17.74,159.66,4.12
2024-05,ART-0127,11,18.62,204.82,6.19
2024-05,ART-0129,14,36.45,510.3,15.48
2024-05,ART-0130,4,50.1,200.4,4.96
2024-05,ART-0131,7,35.01,245.07,8.38
2024-05,ART-0132,6,31.33,187.98,6.8
2024-05,ART-0133,4,13.13,52.52,1.54
2024-05,ART-0134,10,17.28,172.8,5.08
2024-05,ART-0135,25,12.99,324.75,9.85
2024-05,ART-0136,16,24.72,395.52,15.99
2024-05,ART-0137,6,21.02,126.12,4.61
2024-05,ART-0141,4,18.49,73.96,1.69
2024-05,ART-0143,12,18.77,225.24,5.2
2024-05,ART-0144,7,19.17,134.19,4.34
2024-05,ART-0145,14,24.14,337.96,11.8
2024-05,ART-0149,9,16.76,150.84,3.79
2024-06,ART-0000,11,22.99,252.89,8.58
2024-06,ART-0001,11,33.37,367.07,11.47
2024-06,ART-0002,13,28.49,370.37,10.07
2024-06,ART-0003,5,17.92,89.6,2.69
2024-06,ART-0004,5,21.86,109.3,3.27
2024-06,ART-0005,5,22.61,113.05,3.95
2024-06,ART-0006,14,27.11,379.54,13.01
2024-06,ART-0008,6,10.52,63.12,1.75
2024-06,ART-0009,8,28.32,226.56,6.09
2024-06,ART-0010,15,37.11,556.65,18.56
2024-06,ART-0012,24,15.86,380.64,14.55
2024-06,ART-0013,4,26.02,104.08,2.48
2024-06,ART-0015,18,28.28,509.04,14.69
2024-06,ART-0016,10,42.73,427.3,11.69
2024-06,ART-0017,7,24.0,168.0,5.7
2024-06,ART-0018,24,8.41,201.84,6.98
2024-06,ART-0020,13,29.01,377.13,12.79
2024-06,ART-0021,9,36.83,331.47,11.24
2024-06,ART-0022,21,13.47,282.87,10.35
2024-06,ART-0024,22,31.03,682.66,18.14
2024-06,ART-0025,7,25.61,179.27,6.65
2024-06,ART-0026,30,15.96,478.8,14.1
2024-06,ART-0027,11,12.94,142.34,4.55
2024-06,ART-0029,16,43.01,688.16,22.9
2024-06,ART-0030,5,45.25,226.25,8.27
2024-06,ART-0031,24,16.93,406.32,10.18
2024-06,ART-0032,10,34.36,343.6,11.05
2024-06,ART-0033,18,20.99,377.82,11.93
2024-06,ART-0034,3,10.03,30.09,0.89
2024-06,ART-0035,9,19.71,177.39,4.87
2024-06,ART-0036,10,28.72,287.2,7.87
2024-06,ART-0038,8,41.21,329.68,11.48
2024-06,ART-0039,7,37.02,259.14,6.48
2024-06,ART-0040,6,13.59,81.54,2.64
2024-06,ART-0041,21,16.38,343.98,12.41
2024-06,ART-0042,3,30.73,92.19,3.19
2024-06,ART-0043,3,16.64,49.92,1.29
2024-06,ART-0044,58,11.61,673.38,24.36
2024-06,ART-0045,6,14.36,86.16,2.47
2024-06,ART-0046,8,23.63,189.04,6.0
2024-06,ART-0047,7,24.46,171.22,5.21
2024-06,ART-0048,18,14.45,260.1,8.78
2024-06,ART-0049,4,42.12,168.48,5.16
2024-06,ART-0050,14,32.85,459.9,12.04
2024-06,ART-0051,15,7.37,110.55,3.28
2024-06,ART-0052,4,21.18,84.72,2.92
2024-06,ART-0053,21,15.26,320.46,12.59
2024-06,ART-0054,17,15.72,267.24,7.72
2024-06,ART-0056,22,28.85,634.7,16.32
2024-06,ART-0057,25,23.83,595.75,17.75
2024-06,ART-0058,19,40.18,763.42,21.72
2024-06,ART-0059,15,10.17,152.55,4.15
2024-06,ART-0060,23,10.28,236.44,8.63
2024-06,ART-0062,7,20.23,141.61,3.88
2024-06,ART-0063,8,15.71,125.68,4.33
2024-06,ART-0064,11,12.78,140.58,3.85
2024-06,ART-0065,16,32.93,526.88,17.53
2024-06,ART-0066,3,36.91,110.73,3.65
2024-06,ART-0067,20,13.82,276.4,11.2
2024-06,ART-0069,8,15.05,120.4,3.64
2024-06,ART-0070,7,43.18,302.26,9.96
2024-06,ART-0071,12,7.29,87.48,2.63
2024-06,ART-0072,13,23.11,300.43,9.42
2024-06,ART-0073,7,19.19,134.33,3.67
2024-06,ART-0075,4,40.45,161.8,6.18
2024-06,ART-0076,8,13.39,107.12,2.99
2024-06,ART-0077,4,14.57,58.28,1.33
2024-06,ART-0078,13,19.65,255.45,7.52
2024-06,ART-0079,7,13.46,94.22,3.54
2024-06,ART-0080,17,36.6,622.2,21.3
2024-06,ART-0081,5,14.3,71.5,2.04
2024-06,ART-0082,12,50.6,607.2,18.26
2024-06,ART-0084,15,15.62,234.3,9.59
2024-06,ART-0085,27,50.4,1360.8,39.72
2024-06,ART-0086,16,24.6,393.6,11.41
2024-06,ART-0087,4,28.23,112.92,3.44
2024-06,ART-0089,15,39.0,585.0,20.09
2024-06,ART-0090,6,22.68,136.08,4.44
2024-06,ART-0091,30,20.27,608.1,17.88
2024-06,ART-0092,13,31.11,404.43,11.7
2024-06,ART-0093,6,13.65,81.9,2.51
2024-06,ART-0094,10,11.56,115.6,3.41
2024-06,ART-0095,16,13.72,219.52,7.18
2024-06,ART-0096,16,14.5,232.0,8.06
2024-06,ART-0097,20,30.57,611.4,19.04
2024-06,ART-0098,5,24.33,121.65,2.87
2024-06,ART-0099,3,24.42,73.26,2.93
2024-06,ART-0100,6,9.8,58.8,1.74
2024-06,ART-0101,21,22.43,471.03,14.19
2024-06,ART-0102,16,22.32,357.12,11.92
2024-06,ART-0103,16,13.92,222.72,7.66
2024-06,ART-0104,8,21.65,173.2,6.61
2024-06,ART-0105,6,7.18,43.08,1.19
2024-06,ART-0106,38,35.42,1345.96,43.58
2024-06,ART-0107,13,33.16,431.08,11.21
2024-06,ART-0108,3,19.17,57.51,1.78
2024-06,ART-0109,8,20.37,162.96,4.26
2024-06,ART-0110,20,11.67,233.4,8.0
2024-06,ART-0111,10,27.72,277.2,8.2
2024-06,ART-0112,4,17.87,71.48,1.79
2024-06,ART-0113,32,17.1,547.2,19.61
2024-06,ART-0114,7,25.46,178.22,6.28
2024-06,ART-0116,12,13.16,157.92,4.63
2024-06,ART-0117,26,37.56,976.56,27.97
2024-06,ART-0118,10,15.56,155.6,4.08
2024-06,ART-0119,5,34.26,171.3,4.34
2024-06,ART-0120,20,10.47,209.4,6.13
2024-06,ART-0121,19,11.65,221.35,6.77
2024-06,ART-0122,13,23.0,299.0,8.67
2024-06,ART-0123,9,18.39,165.51,5.89
2024-06,ART-0124,16,11.73,187.68,5.14
2024-06,ART-0125,20,14.75,295.0,9.36
2024-06,ART-0126,10,17.51,175.1,5.89
2024-06,ART-0128,9,9.77,87.93,2.42
2024-06,ART-0129,10,35.53,355.3,9.82
2024-06,ART-0130,6,50.29,301.74,10.44
2024-06,ART-0131,7,34.33,240.31,8.49
2024-06,ART-0132,8,30.75,246.0,7.45
2024-06,ART-0133,4,13.2,52.8,1.73
2024-06,ART-0134,6,17.21,103.26,4.02
2024-06,ART-0137,11,21.1,232.1,7.18
2024-06,ART-0138,11,15.87,174.57,4.72
2024-06,ART-0139,12,16.26,195.12,6.34
2024-06,ART-0140,3,19.3,57.9,1.49
2024-06,ART-0141,6,18.93,113.58,3.39
2024-06,ART-0142,7,23.22,162.54,5.4
2024-06,ART-0143,13,19.2,249.6,7.96
2024-06,ART-0144,8,19.12,152.96,4.99
2024-06,ART-0145,16,23.89,382.24,9.24
2024-06,ART-0146,4,11.61,46.44,1.55
2024-07,ART-0000,11,23.3,256.3,8.45
2024-07,ART-0001,25,33.51,837.75,20.54
2024-07,ART-0002,16,28.24,451.84,11.64
2024-07,ART-0003,5,17.94,89.7,2.85
2024-07,ART-0004,8,21.97,175.76,6.7
2024-07,ART-0005,4,22.79,91.16,2.37
2024-07,ART-0006,14,27.02,378.28,12.74
2024-07,ART-0008,8,10.25,82.0,2.44
2024-07,ART-0009,8,28.84,230.72,7.61
2024-07,ART-0010,18,37.03,666.54,21.98
2024-07,ART-0011,17,25.75,437.75,15.15
2024-07,ART-0012,14,15.83,221.62,5.73
2024-07,ART-0013,2,26.4,52.8,1.53
2024-07,ART-0015,31,28.46,882.26,26.96
2024-07,ART-0016,5,43.27,216.35,6.88
2024-07,ART-0020,12,29.42,353.04,13.96
2024-07,ART-0022,24,13.55,325.2,11.77
2024-07,ART-0024,9,31.52,283.68,7.81
2024-07,ART-0025,8,25.41,203.28,7.24
2024-07,ART-0026,15,15.7,235.5,7.1
2024-07,ART-0028,45,27.64,1243.8,30.28
2024-07,ART-0029,14,41.87,586.18,22.06
2024-07,ART-0030,6,45.49,272.94,8.26
2024-07,ART-0031,26,16.93,440.18,11.59
2024-07,ART-0032,12,34.55,414.6,15.28
2024-07,ART-0033,31,20.71,642.01,15.75
2024-07,ART-0034,3,10.04,30.12,0.88
2024-07,ART-0035,8,20.04,160.32,5.4
2024-07,ART-0036,11,28.06,308.66,10.67
2024-07,ART-0037,14,23.8,333.2,9.22
2024-07,ART-0038,8,40.86,326.88,9.71
2024-07,ART-0039,5,36.7,183.5,5.51
2024-07,ART-0042,3,31.28,93.84,3.49
2024-07,ART-0043,7,16.76,117.32,3.14
2024-07,ART-0045,8,14.31,114.48,3.12
2024-07,ART-0046,11,23.61,259.71,8.59
2024-07,ART-0047,6,24.42,146.52,4.98
2024-07,ART-0048,12,14.38,172.56,4.99
2024-07,ART-0049,6,42.43,254.58,7.79
2024-07,ART-0050,9,32.32,290.88,10.74
2024-07,ART-0051,10,7.26,72.6,1.86
2024-07,ART-0053,22,15.03,330.66,10.7
2024-07,ART-0056,17,28.88,490.96,19.04
2024-07,ART-0057,28,23.95,670.6,23.23
2024-07,ART-0059,14,10.33,144.62,3.87
2024-07,ART-0060,23,10.45,240.35,7.98
2024-07,ART-0061,7,19.05,133.35,4.07
2024-07,ART-0062,7,20.45,143.15,5.27
2024-07,ART-0063,11,15.72,172.92,5.96
2024-07,ART-0064,15,12.68,190.2,4.8
2024-07,ART-0065,15,32.63,489.45,15.11
2024-07,ART-0066,5,37.25,186.25,7.32
2024-07,ART-0067,12,14.06,168.72,6.82
2024-07,ART-0068,19,72.92,1385.48,39.56
2024-07,ART-0069,11,15.0,165.0,4.67
2024-07,ART-0070,8,43.98,351.84,13.48
2024-07,ART-0071,10,7.27,72.7,2.15
2024-07,ART-0072,13,23.65,307.45,9.77
2024-07,ART-0075,4,41.35,165.4,5.97
2024-07,ART-0076,7,13.18,92.26,2.61
2024-07,ART-0077,3,14.56,43.68,1.43
2024-07,ART-0078,21,19.74,414.54,11.68
2024-07,ART-0079,4,13.62,54.48,1.74
2024-07,ART-0080,9,36.95,332.55,6.65
2024-07,ART-0082,12,50.5,606.0,20.76
2024-07,ART-0083,28,18.2,509.6,17.21
2024-07,ART-0084,15,15.64,234.6,7.35
2024-07,ART-0085,25,50.72,1268.0,44.54
2024-07,ART-0086,19,24.38,463.22,13.8
2024-07,ART-0087,6,27.94,167.64,4.39
2024-07,ART-0089,9,39.19,352.71,7.91
2024-07,ART-0090,10,22.75,227.5,6.57
2024-07,ART-0092,19,30.62,581.78,15.49
2024-07,ART-0093,7,14.08,98.56,2.66
2024-07,ART-0094,9,11.34,102.06,3.36
2024-07,ART-0095,16,13.8,220.8,7.3
2024-07,ART-0097,21,30.79,646.59,18.21
2024-07,ART-0098,4,23.76,95.04,3.47
2024-07,ART-0100,7,9.59,67.13,1.92
2024-07,ART-0102,18,22.5,405.0,11.58
2024-07,ART-0103,11,13.88,152.68,4.24
2024-07,ART-0104,8,21.64,173.12,5.46
2024-07,ART-0106,19,35.42,672.98,24.06
2024-07,ART-0107,22,33.42,735.24,25.24
2024-07,ART-0108,5,18.75,93.75,2.35
2024-07,ART-0109,6,20.18,121.08,3.8
2024-07,ART-0110,35,11.39,398.65,12.23
2024-07,ART-0111,13,27.62,359.06,13.52
2024-07,ART-0112,5,17.89,89.45,2.9
2024-07,ART-0114,10,25.36,253.6,7.96
2024-07,ART-0115,12,19.14,229.68,9.24
2024-07,ART-0116,7,13.06,91.42,2.15
2024-07,ART-0117,18,37.45,674.1,17.88
2024-07,ART-0118,7,15.43,108.01,3.37
2024-07,ART-0119,7,34.5,241.5,8.38
2024-07,ART-0120,20,10.58,211.6,8.04
2024-07,ART-0121,16,11.23,179.68,5.93
2024-07,ART-0122,15,23.31,349.65,10.33
2024-07,ART-0123,8,17.98,143.84,4.25
2024-07,ART-0124,18,11.4,205.2,5.25
2024-07,ART-0125,22,14.69,323.18,8.41
2024-07,ART-0126,10,17.85,178.5,6.37
2024-07,ART-0127,11,18.83,207.13,7.37
2024-07,ART-0128,12,9.87,118.44,3.52
2024-07,ART-0129,12,36.41,436.92,15.74
2024-07,ART-0130,9,49.29,443.61,13.55
2024-07,ART-0131,3,33.61,100.83,4.11
2024-07,ART-0132,7,30.33,212.31,6.47
2024-07,ART-0133,7,13.26,92.82,3.15
2024-07,ART-0134,8,17.05,136.4,4.78
2024-07,ART-0136,10,24.18,241.8,7.74
2024-07,ART-0137,5,21.04,105.2,3.81
2024-07,ART-0139,15,16.02,240.3,7.91
2024-07,ART-0140,4,19.04,76.16,2.49
2024-07,ART-0141,4,18.48,73.92,2.42
2024-07,ART-0142,5,23.0,115.0,3.18
2024-07,ART-0144,8,18.91,151.28,4.57
2024-07,ART-0145,27,24.1,650.7,21.48
2024-07,ART-0148,27,27.87,752.49,19.18
2024-07,ART-0149,4,16.61,66.44,2.2
2024-08,ART-0000,9,22.86,205.74,8.33
2024-08,ART-0001,14,34.15,478.1,14.26
2024-08,ART-0002,12,28.14,337.68,12.67
2024-08,ART-0003,5,17.98,89.9,3.01
2024-08,ART-0004,3,21.89,65.67,1.58
2024-08,ART-0006,17,26.82,455.94,12.56
2024-08,ART-0007,7,21.6,151.2,4.1
2024-08,ART-0009,9,28.85,259.65,8.74
2024-08,ART-0010,14,36.94,517.16,15.72
2024-08,ART-0013,2,26.34,52.68,1.56
2024-08,ART-0014,11,26.12,287.32,8.1
2024-08,ART-0015,16,28.42,454.72,10.87
2024-08,ART-0016,6,43.25,259.5,7.95
2024-08,ART-0017,17,23.95,407.15,10.77
2024-08,ART-0018,16,8.4,134.4,4.5
2024-08,ART-0019,12,15.11,181.32,5.81
2024-08,ART-0021,9,37.11,333.99,10.91
2024-08,ART-0022,54,13.65,737.1,24.26
2024-08,ART-0023,9,15.93,143.37,5.31
2024-08,ART-0025,7,25.65,179.55,6.27
2024-08,ART-0027,17,13.03,221.51,7.68
2024-08,ART-0028,35,27.98,979.3,23.95
2024-08,ART-0029,12,42.63,511.56,19.03
2024-08,ART-0030,4,45.55,182.2,4.96
2024-08,ART-0031,27,16.44,443.88,13.95
2024-08,ART-0032,15,34.74,521.1,12.17
2024-08,ART-0033,12,21.33,255.96,7.55
2024-08,ART-0034,3,10.02,30.06,1.08
2024-08,ART-0037,19,23.74,451.06,15.72
2024-08,ART-0038,11,41.66,458.26,14.74
2024-08,ART-0039,8,36.86,294.88,10.12
2024-08,ART-0040,5,13.89,69.45,2.04
2024-08,ART-0041,32,16.6,531.2,17.67
2024-08,ART-0043,4,16.89,67.56,2.0
2024-08,ART-0044,32,11.59,370.88,10.81
2024-08,ART-0045,5,14.32,71.6,2.0
2024-08,ART-0046,17,23.59,401.03,12.86
2024-08,ART-0048,15,14.68,220.2,6.05
2024-08,ART-0049,4,42.95,171.8,5.66
2024-08,ART-0050,10,33.18,331.8,9.04
2024-08,ART-0051,13,7.35,95.55,2.84
2024-08,ART-0052,4,20.83,83.32,2.06
2024-08,ART-0053,18,15.12,272.16,10.11
2024-08,ART-0055,12,15.13,181.56,5.59
2024-08,ART-0056,24,28.86,692.64,23.46
2024-08,ART-0057,18,24.59,442.62,9.22
2024-08,ART-0058,10,40.2,402.0,13.24
2024-08,ART-0060,35,10.32,361.2,11.85
2024-08,ART-0061,7,19.14,133.98,3.48
2024-08,ART-0062,7,20.18,141.26,4.44
2024-08,ART-0063,11,15.48,170.28,6.05
2024-08,ART-0064,13,12.55,163.15,5.3
2024-08,ART-0065,9,32.23,290.07,8.95
2024-08,ART-0066,5,37.75,188.75,6.37
2024-08,ART-0067,8,13.74,109.92,2.97
2024-08,ART-0068,13,73.99,961.87,26.18
2024-08,ART-0069,11,15.29,168.19,4.49
2024-08,ART-0070,5,43.91,219.55,7.66
2024-08,ART-0073,10,19.36,193.6,6.39
2024-08,ART-0074,5,22.28,111.4,4.4
2024-08,ART-0075,3,40.71,122.13,3.48
2024-08,ART-0077,3,14.9,44.7,1.26
2024-08,ART-0078,15,19.44,291.6,10.54
2024-08,ART-0079,4,13.86,55.44,1.71
2024-08,ART-0081,6,14.39,86.34,2.82
2024-08,ART-0083,17,18.1,307.7,10.47
2024-08,ART-0086,12,24.63,295.56,8.85
2024-08,ART-0087,5,28.26,141.3,5.22
2024-08,ART-0088,18,20.94,376.92,12.39
2024-08,ART-0089,9,39.17,352.53,12.08
2024-08,ART-0090,6,22.96,137.76,4.38
2024-08,ART-0091,21,20.29,426.09,15.57
2024-08,ART-0093,6,13.85,83.1,2.44
2024-08,ART-0094,14,11.31,158.34,4.88
2024-08,ART-0095,11,13.53,148.83,4.73
2024-08,ART-0096,9,14.85,133.65,4.97
2024-08,ART-0097,16,31.34,501.44,11.16
2024-08,ART-0099,4,24.11,96.44,3.51
2024-08,ART-0100,7,9.59,67.13,2.03
2024-08,ART-0101,22,22.27,489.94,15.89
2024-08,ART-0102,11,22.29,245.19,9.27
2024-08,ART-0103,18,13.74,247.32,8.03
2024-08,ART-0104,9,21.73,195.57,7.05
2024-08,ART-0105,7,7.18,50.26,1.59
2024-08,ART-0107,15,33.18,497.7,14.3
2024-08,ART-0108,9,19.33,173.97,5.18
2024-08,ART-0110,28,11.88,332.64,11.98
2024-08,ART-0111,21,27.95,586.95,16.58
2024-08,ART-0112,8,18.02,144.16,4.41
2024-08,ART-0113,28,17.19,481.32,14.2
2024-08,ART-0114,10,25.37,253.7,9.21
2024-08,ART-0116,14,12.97,181.58,6.26
2024-08,ART-0117,31,37.61,1165.91,32.88
2024-08,ART-0118,10,15.58,155.8,5.05
2024-08,ART-0119,3,34.8,104.4,3.45
2024-08,ART-0120,20,10.66,213.2,8.46
2024-08,ART-0122,17,23.33,396.61,13.69
2024-08,ART-0123,8,17.88,143.04,3.68
2024-08,ART-0124,21,11.69,245.49,7.07
2024-08,ART-0125,20,14.57,291.4,8.48
2024-08,ART-0126,9,17.6,158.4,5.45
2024-08,ART-0127,7,18.71,130.97,4.17
2024-08,ART-0128,14,9.88,138.32,3.93
2024-08,ART-0131,5,34.29,171.45,4.82
2024-08,ART-0132,5,30.86,154.3,4.07
2024-08,ART-0133,4,13.13,52.52,1.58
2024-08,ART-0134,7,17.11,119.77,3.98
2024-08,ART-0135,18,13.15,236.7,7.89
2024-08,ART-0136,14,24.23,339.22,11.55
2024-08,ART-0137,8,21.06,168.48,5.13
2024-08,ART-0139,12,15.97,191.64,6.16
2024-08,ART-0140,3,19.49,58.47,1.46
2024-08,ART-0142,6,23.27,139.62,3.96
2024-08,ART-0143,10,18.74,187.4,5.71
2024-08,ART-0144,10,18.89,188.9,6.37
2024-08,ART-0145,20,23.95,479.0,16.04
2024-08,ART-0146,4,11.74,46.96,1.67
2024-08,ART-0147,12,25.8,309.6,9.81
2024-08,ART-0148,46,28.34,1303.64,35.21
2024-08,ART-0149,5,16.68,83.4,2.91
2024-09,ART-0000,7,23.88,167.16,3.99
2024-09,ART-0002,10,28.32,283.2,7.28
2024-09,ART-0003,4,17.97,71.88,2.34
2024-09,ART-0004,6,21.73,130.38,3.76
2024-09,ART-0005,8,22.82,182.56,5.99
2024-09,ART-0006,11,27.3,300.3,8.7
2024-09,ART-0007,7,21.66,151.62,4.81
2024-09,ART-0008,5,10.44,52.2,2.12
2024-09,ART-0010,14,37.14,519.96,13.7
2024-09,ART-0011,25,25.44,636.0,18.05
2024-09,ART-0012,19,15.98,303.62,9.97
2024-09,ART-0013,3,26.26,78.78,2.85
2024-09,ART-0014,7,25.45,178.15,6.19
2024-09,ART-0015,18,29.1,523.8,19.35
2024-09,ART-0016,11,42.79,470.69,14.59
2024-09,ART-0017,7,24.01,168.07,6.79
2024-09,ART-0019,18,15.28,275.04,7.68
2024-09,ART-0020,14,29.07,406.98,13.64
2024-09,ART-0021,12,37.11,445.32,13.0
2024-09,ART-0022,15,13.59,203.85,5.69
2024-09,ART-0023,6,16.1,96.6,3.69
2024-09,ART-0024,11,31.06,341.66,11.58
2024-09,ART-0025,4,25.42,101.68,2.74
2024-09,ART-0026,23,15.88,365.24,14.3
2024-09,ART-0027,6,12.73,76.38,2.4
2024-09,ART-0029,22,42.49,934.78,26.44
2024-09,ART-0030,4,45.11,180.44,5.22
2024-09,ART-0031,23,16.7,384.1,11.54
2024-09,ART-0032,13,34.75,451.75,13.98
2024-09,ART-0033,12,20.71,248.52,7.66
2024-09,ART-0036,11,28.52,313.72,11.74
2024-09,ART-0037,25,23.59,589.75,15.29
2024-09,ART-0038,11,40.81,448.91,15.14
2024-09,ART-0039,5,36.87,184.35,4.98
2024-09,ART-0040,7,13.63,95.41,3.01
2024-09,ART-0041,34,16.43,558.62,18.71
2024-09,ART-0042,2,31.5,63.0,1.84
2024-09,ART-0043,5,16.4,82.0,2.39
2024-09,ART-0044,37,11.64,430.68,13.93
2024-09,ART-0045,5,14.2,71.0,2.19
2024-09,ART-0046,10,23.72,237.2,5.89
2024-09,ART-0049,3,42.66,127.98,3.25
2024-09,ART-0050,11,32.17,353.87,11.91
2024-09,ART-0051,8,6.95,55.6,1.37
2024-09,ART-0052,5,21.19,105.95,3.35
2024-09,ART-0053,31,15.11,468.41,17.57
2024-09,ART-0054,16,15.69,251.04,5.36
2024-09,ART-0055,11,15.41,169.51,5.78
2024-09,ART-0056,24,28.63,687.12,21.08
2024-09,ART-0057,26,23.84,619.84,19.88
2024-09,ART-0059,14,10.35,144.9,4.41
2024-09,ART-0060,24,10.28,246.72,8.25
2024-09,ART-0061,6,19.08,114.48,3.95
2024-09,ART-0062,12,20.15,241.8,7.23
2024-09,ART-0063,13,15.77,205.01,6.73
2024-09,ART-0065,11,32.57,358.27,12.08
2024-09,ART-0066,5,36.73,183.65,6.61
2024-09,ART-0068,16,73.62,1177.92,35.6
2024-09,ART-0069,11,15.07,165.77,5.63
2024-09,ART-0070,5,43.43,217.15,6.96
2024-09,ART-0072,14,23.49,328.86,10.4
2024-09,ART-0074,6,22.31,133.86,4.69
2024-09,ART-0075,6,41.6,249.6,7.25
2024-09,ART-0076,11,13.24,145.64,5.2
2024-09,ART-0077,5,14.7,73.5,2.07
2024-09,ART-0080,13,36.41,473.33,17.63
2024-09,ART-0081,8,14.34,114.72,3.91
2024-09,ART-0082,14,50.74,710.36,18.15
2024-09,ART-0083,24,18.17,436.08,13.58
2024-09,ART-0084,12,15.56,186.72,5.33
2024-09,ART-0085,21,50.87,1068.27,33.03
2024-09,ART-0086,15,24.53,367.95,11.36
2024-09,ART-0087,3,27.86,83.58,2.71
2024-09,ART-0089,11,39.01,429.11,15.25
2024-09,ART-0090,7,22.85,159.95,5.71
2024-09,ART-0091,23,20.22,465.06,14.24
2024-09,ART-0092,18,31.01,558.18,19.8
2024-09,ART-0093,8,13.78,110.24,3.45
2024-09,ART-0094,8,11.4,91.2,2.66
2024-09,ART-0095,13,13.43,174.59,5.41
2024-09,ART-0096,12,14.58,174.96,5.07
2024-09,ART-0097,22,31.03,682.66,25.75
2024-09,ART-0098,4,24.47,97.88,2.67
2024-09,ART-0100,9,9.63,86.67,2.99
2024-09,ART-0101,19,22.56,428.64,14.3
2024-09,ART-0102,13,22.03,286.39,9.2
2024-09,ART-0103,15,13.79,206.85,6.06
2024-09,ART-0104,7,21.55,150.85,4.62
2024-09,ART-0105,10,7.16,71.6,1.21
2024-09,ART-0106,31,35.8,1109.8,34.02
2024-09,ART-0107,21,33.07,694.47,20.9
2024-09,ART-0109,7,20.2,141.4,3.68
2024-09,ART-0111,18,27.47,494.46,15.51
2024-09,ART-0112,4,18.1,72.4,2.17
2024-09,ART-0113,23,17.14,394.22,10.27
2024-09,ART-0114,10,25.38,253.8,8.52
2024-09,ART-0115,8,19.23,153.84,4.34
2024-09,ART-0116,9,13.13,118.17,3.64
2024-09,ART-0117,29,38.14,1106.06,33.9
2024-09,ART-0119,2,34.8,69.6,2.09
2024-09,ART-0120,20,10.58,211.6,6.75
2024-09,ART-0121,14,11.5,161.0,4.37
2024-09,ART-0122,10,22.9,229.0,7.5
2024-09,ART-0123,8,17.76,142.08,3.84
2024-09,ART-0124,18,11.44,205.92,7.01
2024-09,ART-0125,26,14.33,372.58,12.02
2024-09,ART-0127,8,18.62,148.96,4.84
2024-09,ART-0128,10,9.69,96.9,3.39
2024-09,ART-0129,13,36.51,474.63,16.21
2024-09,ART-0130,8,49.42,395.36,11.41
2024-09,ART-0131,7,34.06,238.42,8.15
2024-09,ART-0132,7,30.96,216.72,6.78
2024-09,ART-0134,5,17.47,87.35,3.02
2024-09,ART-0135,12,12.94,155.28,4.85
2024-09,ART-0136,14,24.27,339.78,10.68
2024-09,ART-0137,6,21.15,126.9,3.59
2024-09,ART-0138,8,15.83,126.64,3.9
2024-09,ART-0139,21,16.41,344.61,8.11
2024-09,ART-0140,2,19.21,38.42,1.19
2024-09,ART-0141,2,18.98,37.96,1.45
2024-09,ART-0142,6,23.97,143.82,4.77
2024-09,ART-0143,7,18.79,131.53,3.88
2024-09,ART-0144,6,19.08,114.48,4.22
2024-09,ART-0146,4,11.76,47.04,1.28
2024-09,ART-0147,9,25.44,228.96,7.64
2024-09,ART-0148,37,27.86,1030.82,29.76
2024-09,ART-0149,6,16.69,100.14,2.98
2024-10,ART-0000,5,23.06,115.3,4.29
2024-10,ART-0001,12,33.87,406.44,11.44
2024-10,ART-0002,16,28.58,457.28,14.56
2024-10,ART-0003,3,17.65,52.95,1.5
2024-10,ART-0004,7,21.81,152.67,4.74
2024-10,ART-0005,4,22.29,89.16,3.13
2024-10,ART-0006,13,26.82,348.66,11.56
2024-10,ART-0007,6,21.92,131.52,3.81
2024-10,ART-0008,4,10.19,40.76,1.22
2024-10,ART-0009,7,28.87,202.09,6.56
2024-10,ART-0010,21,36.95,775.95,25.23
2024-10,ART-0012,16,16.28,260.48,7.54
2024-10,ART-0013,3,26.17,78.51,3.09
2024-10,ART-0015,21,29.02,609.42,16.77
2024-10,ART-0016,6,42.46,254.76,9.07
2024-10,ART-0017,9,24.3,218.7,6.1
2024-10,ART-0019,9,15.23,137.07,4.22
2024-10,ART-0020,18,29.11,523.98,19.54
2024-10,ART-0021,5,36.82,184.1,5.72
2024-10,ART-0022,38,13.39,508.82,14.24
2024-10,ART-0023,8,15.89,127.12,3.62
2024-10,ART-0026,16,16.43,262.88,8.44
2024-10,ART-0027,9,12.97,116.73,3.75
2024-10,ART-0028,37,27.59,1020.83,35.66
2024-10,ART-0029,12,43.37,520.44,14.34
2024-10,ART-0030,4,45.61,182.44,4.19
2024-10,ART-0031,29,16.61,481.69,15.2
2024-10,ART-0032,16,35.26,564.16,20.63
2024-10,ART-0033,15,21.19,317.85,8.41
2024-10,ART-0034,4,10.07,40.28,1.34
2024-10,ART-0035,10,19.71,197.1,6.34
2024-10,ART-0036,14,28.44,398.16,11.53
2024-10,ART-0037,23,23.97,551.31,16.33
2024-10,ART-0038,8,41.16,329.28,10.86
2024-10,ART-0039,8,36.79,294.32,10.39
2024-10,ART-0040,9,13.98,125.82,3.46
2024-10,ART-0041,19,16.41,311.79,11.0
2024-10,ART-0042,3,31.06,93.18,2.83
2024-10,ART-0045,6,14.16,84.96,2.29
2024-10,ART-0046,10,23.98,239.8,6.74
2024-10,ART-0047,5,24.33,121.65,3.52
2024-10,ART-0048,12,14.65,175.8,4.95
2024-10,ART-0050,8,32.65,261.2,7.58
2024-10,ART-0051,13,7.14,92.82,3.13
2024-10,ART-0052,3,21.12,63.36,1.74
2024-10,ART-0053,22,15.54,341.88,8.89
2024-10,ART-0055,13,15.52,201.76,6.9
2024-10,ART-0057,31,24.43,757.33,28.02
2024-10,ART-0058,13,39.32,511.16,16.93
2024-10,ART-0059,18,10.28,185.04,5.36
2024-10,ART-0060,23,10.37,238.51,6.8
2024-10,ART-0062,10,19.93,199.3,4.75
2024-10,ART-0063,12,15.62,187.44,6.97
2024-10,ART-0064,12,12.62,151.44,4.65
2024-10,ART-0065,8,32.96,263.68,6.39
2024-10,ART-0066,4,36.86,147.44,5.51
2024-10,ART-0067,10,13.62,136.2,3.79
2024-10,ART-0068,15,72.3,1084.5,32.26
2024-10,ART-0069,8,15.06,120.48,3.5
2024-10,ART-0071,11,7.32,80.52,2.31
2024-10,ART-0072,10,23.44,234.4,5.58
2024-10,ART-0074,10,22.74,227.4,5.6
2024-10,ART-0075,5,41.41,207.05,6.25
2024-10,ART-0076,7,12.98,90.86,2.94
2024-10,ART-0077,6,14.63,87.78,3.3
2024-10,ART-0078,16,19.65,314.4,9.05
2024-10,ART-0079,4,13.79,55.16,1.76
2024-10,ART-0081,8,14.27,114.16,3.02
2024-10,ART-0082,11,49.43,543.73,13.88
2024-10,ART-0084,11,15.49,170.39,5.02
2024-10,ART-0085,22,50.62,1113.64,29.3
2024-10,ART-0086,15,24.39,365.85,13.01
2024-10,ART-0087,4,28.05,112.2,2.39
2024-10,ART-0088,24,21.1,506.4,14.38
2024-10,ART-0089,8,38.56,308.48,7.61
2024-10,ART-0090,12,22.73,272.76,8.17
2024-10,ART-0091,18,20.31,365.58,12.62
2024-10,ART-0093,6,13.6,81.6,2.71
2024-10,ART-0094,8,11.28,90.24,3.44
2024-10,ART-0095,10,13.47,134.7,4.3
2024-10,ART-0096,16,14.39,230.24,7.03
2024-10,ART-0097,22,30.69,675.18,21.61
2024-10,ART-0100,9,9.71,87.39,2.94
2024-10,ART-0101,15,22.71,340.65,9.6
2024-10,ART-0104,8,21.59,172.72,5.62
2024-10,ART-0105,9,7.25,65.25,2.23
2024-10,ART-0106,29,35.79,1037.91,41.17
2024-10,ART-0107,10,32.71,327.1,8.9
2024-10,ART-0108,6,19.43,116.58,3.78
2024-10,ART-0109,7,19.97,139.79,3.53
2024-10,ART-0110,30,11.66,349.8,11.3
2024-10,ART-0111,12,27.64,331.68,12.01
2024-10,ART-0112,7,18.09,126.63,3.67
2024-10,ART-0113,20,16.97,339.4,11.16
2024-10,ART-0114,10,25.28,252.8,6.5
2024-10,ART-0115,10,18.96,189.6,4.6
2024-10,ART-0117,27,37.93,1024.11,32.57
2024-10,ART-0118,7,15.85,110.95,3.4
2024-10,ART-0119,5,33.9,169.5,5.07
2024-10,ART-0120,18,10.74,193.32,7.51
2024-10,ART-0121,17,11.63,197.71,7.27
2024-10,ART-0122,11,22.59,248.49,7.62
2024-10,ART-0124,16,11.42,182.72,4.63
2024-10,ART-0126,10,17.56,175.6,3.49
2024-10,ART-0127,9,18.72,168.48,5.94
2024-10,ART-0128,13,9.83,127.79,3.8
2024-10,ART-0129,10,36.07,360.7,11.05
2024-10,ART-0130,8,49.21,393.68,10.01
2024-10,ART-0131,8,34.01,272.08,9.98
2024-10,ART-0132,16,30.65,490.4,11.96
2024-10,ART-0134,9,17.26,155.34,4.17
2024-10,ART-0135,19,13.06,248.14,8.11
2024-10,ART-0136,18,24.12,434.16,12.72
2024-10,ART-0137,11,21.13,232.43,5.56
2024-10,ART-0138,8,16.04,128.32,3.91
2024-10,ART-0139,16,16.14,258.24,8.26
2024-10,ART-0140,5,19.2,96.0,3.79
2024-10,ART-0141,4,18.51,74.04,2.28
2024-10,ART-0142,6,24.1,144.6,4.21
2024-10,ART-0143,10,19.22,192.2,4.71
2024-10,ART-0144,6,18.91,113.46,3.9
2024-10,ART-0145,19,24.0,456.0,14.11
2024-10,ART-0146,3,11.56,34.68,1.22
2024-10,ART-0147,12,25.41,304.92,11.26
2024-10,ART-0148,18,28.38,510.84,18.06
2024-10,ART-0149,6,16.87,101.22,3.06
2024-11,ART-0000,10,23.69,236.9,7.5
2024-11,ART-0001,11,34.19,376.09,10.58
2024-11,ART-0002,17,27.99,475.83,12.67
2024-11,ART-0003,6,17.89,107.34,3.73
2024-11,ART-0004,4,22.09,88.36,3.3
2024-11,ART-0005,6,22.49,134.94,3.75
2024-11,ART-0007,5,21.91,109.55,4.05
2024-11,ART-0008,11,10.37,114.07,3.59
2024-11,ART-0010,22,37.04,814.88,27.41
2024-11,ART-0011,21,25.9,543.9,15.54
2024-11,ART-0012,20,15.94,318.8,9.85
2024-11,ART-0013,3,26.23,78.69,2.35
2024-11,ART-0014,8,25.84,206.72,6.35
2024-11,ART-0015,33,28.79,950.07,29.94
2024-11,ART-0016,7,43.03,301.21,11.07
2024-11,ART-0017,11,24.01,264.11,7.67
2024-11,ART-0018,19,8.29,157.51,4.0
2024-11,ART-0019,12,15.39,184.68,5.96
2024-11,ART-0022,49,13.44,658.56,18.27
2024-11,ART-0023,9,15.92,143.28,3.82
2024-11,ART-0024,14,31.25,437.5,8.71
2024-11,ART-0025,4,25.7,102.8,3.29
2024-11,ART-0026,17,15.82,268.94,9.14
2024-11,ART-0028,39,27.55,1074.45,36.04
2024-11,ART-0029,9,42.33,380.97,10.16
2024-11,ART-0030,5,45.89,229.45,7.39
2024-11,ART-0031,33,17.0,561.0,15.13
2024-11,ART-0035,6,19.92,119.52,4.44
2024-11,ART-0037,21,23.75,498.75,14.99
2024-11,ART-0038,5,40.75,203.75,5.73
2024-11,ART-0041,19,16.3,309.7,10.26
2024-11,ART-0042,3,31.22,93.66,2.92
2024-11,ART-0043,6,17.04,102.24,3.0
2024-11,ART-0044,30,11.68,350.4,9.1
2024-11,ART-0045,6,14.25,85.5,2.67
2024-11,ART-0046,12,24.0,288.0,7.7
2024-11,ART-0047,8,24.23,193.84,5.69
2024-11,ART-0048,12,14.79,177.48,5.88
2024-11,ART-0049,6,41.69,250.14,7.19
2024-11,ART-0050,9,32.51,292.59,8.65
2024-11,ART-0051,9,7.38,66.42,2.35
2024-11,ART-0052,4,20.97,83.88,2.92
2024-11,ART-0053,16,15.42,246.72,8.39
2024-11,ART-0054,9,15.81,142.29,4.42
2024-11,ART-0055,10,15.47,154.7,4.9
2024-11,ART-0056,20,28.68,573.6,18.51
2024-11,ART-0057,35,24.07,842.45,22.4
2024-11,ART-0058,14,39.84,557.76,13.59
2024-11,ART-0059,13,10.26,133.38,4.2
2024-11,ART-0060,30,10.35,310.5,8.67
2024-11,ART-0061,5,18.98,94.9,2.96
2024-11,ART-0062,8,20.64,165.12,5.4
2024-11,ART-0063,9,15.93,143.37,3.17
2024-11,ART-0064,11,12.71,139.81,4.47
2024-11,ART-0065,12,32.6,391.2,12.7
2024-11,ART-0066,3,37.78,113.34,3.52
2024-11,ART-0067,23,13.66,314.18,12.18
2024-11,ART-0068,15,71.95,1079.25,38.33
2024-11,ART-0069,10,15.19,151.9,4.31
2024-11,ART-0071,13,7.34,95.42,2.75
2024-11,ART-0072,14,23.5,329.0,10.61
2024-11,ART-0074,5,22.48,112.4,2.78
2024-11,ART-0075,3,41.3,123.9,4.32
2024-11,ART-0076,8,13.3,106.4,4.18
2024-11,ART-0077,5,14.44,72.2,1.95
2024-11,ART-0079,4,13.46,53.84,1.51
2024-11,ART-0080,14,37.49,524.86,15.55
2024-11,ART-0081,5,14.12,70.6,2.37
2024-11,ART-0084,15,15.88,238.2,6.82
2024-11,ART-0085,24,51.33,1231.92,38.8
2024-11,ART-0087,5,27.72,138.6,4.66
2024-11,ART-0088,31,21.38,662.78,19.26
2024-11,ART-0089,9,39.41,354.69,10.21
2024-11,ART-0090,9,22.92,206.28,6.44
2024-11,ART-0091,21,20.5,430.5,16.71
2024-11,ART-0092,23,30.33,697.59,26.06
2024-11,ART-0093,5,13.83,69.15,2.42
2024-11,ART-0095,14,13.91,194.74,5.66
2024-11,ART-0096,18,14.2,255.6,10.23
2024-11,ART-0097,31,30.89,957.59,23.87
2024-11,ART-0098,5,23.86,119.3,2.97
2024-11,ART-0099,4,24.05,96.2,3.07
2024-11,ART-0100,14,9.76,136.64,3.97
2024-11,ART-0101,17,22.71,386.07,11.69
2024-11,ART-0102,12,22.46,269.52,8.27
2024-11,ART-0103,12,14.09,169.08,5.08
2024-11,ART-0104,7,21.5,150.5,5.28
2024-11,ART-0106,35,35.67,1248.45,44.0
2024-11,ART-0107,21,32.78,688.38,24.67
2024-11,ART-0108,5,19.09,95.45,3.44
2024-11,ART-0109,11,20.4,224.4,6.28
2024-11,ART-0110,24,11.51,276.24,9.21
2024-11,ART-0111,12,27.83,333.96,9.56
2024-11,ART-0112,6,18.19,109.14,3.93
2024-11,ART-0113,36,17.38,625.68,17.46
2024-11,ART-0114,7,25.45,178.15,4.44
2024-11,ART-0115,7,18.95,132.65,4.26
2024-11,ART-0116,13,13.28,172.64,4.98
2024-11,ART-0117,27,37.37,1008.99,35.53
2024-11,ART-0118,7,15.44,108.08,3.82
2024-11,ART-0119,4,34.89,139.56,5.5
2024-11,ART-0120,15,10.58,158.7,5.11
2024-11,ART-0121,23,11.48,264.04,9.1
2024-11,ART-0123,6,17.94,107.64,2.95
2024-11,ART-0124,16,11.49,183.84,6.79
2024-11,ART-0125,18,14.44,259.92,7.11
2024-11,ART-0129,10,35.99,359.9,9.19
2024-11,ART-0130,14,50.67,709.38,25.8
2024-11,ART-0131,7,34.5,241.5,7.54
2024-11,ART-0132,8,30.85,246.8,8.07
2024-11,ART-0133,5,13.38,66.9,2.15
2024-11,ART-0134,6,17.06,102.36,2.79
2024-11,ART-0135,27,13.29,358.83,13.43
2024-11,ART-0138,11,16.18,177.98,6.06
2024-11,ART-0139,14,16.01,224.14,7.24
2024-11,ART-0141,3,18.24,54.72,1.6
2024-11,ART-0142,11,23.04,253.44,8.25
2024-11,ART-0143,9,19.38,174.42,5.08
2024-11,ART-0144,8,19.08,152.64,3.82
2024-11,ART-0147,9,25.23,227.07,7.51
2024-11,ART-0149,11,16.67,183.37,4.96
2024-12,ART-0000,7,23.92,167.44,6.08
2024-12,ART-0001,21,33.01,693.21,21.17
2024-12,ART-0003,6,17.76,106.56,3.51
2024-12,ART-0004,7,21.54,150.78,5.93
2024-12,ART-0005,4,22.89,91.56,3.21
2024-12,ART-0006,19,27.01,513.19,14.85
2024-12,ART-0007,5,22.26,111.3,4.05
2024-12,ART-0008,7,10.31,72.17,2.01
2024-12,ART-0009,8,28.65,229.2,9.31
2024-12,ART-0011,11,25.96,285.56,10.6
2024-12,ART-0012,14,15.96,223.44,7.07
2024-12,ART-0013,4,25.77,103.08,3.27
2024-12,ART-0014,9,25.75,231.75,5.75
2024-12,ART-0015,28,28.79,806.12,24.54
2024-12,ART-0017,6,24.09,144.54,3.89
2024-12,ART-0018,13,8.3,107.9,3.83
2024-12,ART-0019,16,14.96,239.36,7.75
2024-12,ART-0020,12,28.84,346.08,10.97
2024-12,ART-0021,7,37.34,261.38,9.12
2024-12,ART-0022,21,13.3,279.3,7.59
2024-12,ART-0023,13,16.3,211.9,9.01
2024-12,ART-0024,17,31.36,533.12,13.82
2024-12,ART-0026,18,16.02,288.36,9.76
2024-12,ART-0027,11,13.14,144.54,4.27
2024-12,ART-0029,12,42.48,509.76,18.97
2024-12,ART-0030,3,44.91,134.73,3.09
2024-12,ART-0031,23,16.52,379.96,14.74
2024-12,ART-0032,13,34.76,451.88,15.03
2024-12,ART-0033,12,20.51,246.12,6.71
2024-12,ART-0034,3,10.05,30.15,0.96
2024-12,ART-0035,12,19.6,235.2,8.54
2024-12,ART-0037,14,23.62,330.68,8.61
2024-12,ART-0039,8,37.28,298.24,9.7
2024-12,ART-0040,8,13.54,108.32,3.48
2024-12,ART-0042,5,31.36,156.8,5.53
2024-12,ART-0043,4,16.82,67.28,2.38
2024-12,ART-0044,47,11.71,550.37,14.97
2024-12,ART-0045,4,14.39,57.56,1.77
2024-12,ART-0048,14,14.59,204.26,5.37
2024-12,ART-0049,6,42.0,252.0,9.91
2024-12,ART-0050,8,32.42,259.36,8.04
2024-12,ART-0051,14,7.19,100.66,2.7
2024-12,ART-0052,5,21.02,105.1,4.01
2024-12,ART-0053,26,15.06,391.56,10.05
2024-12,ART-0054,10,15.74,157.4,3.49
2024-12,ART-0055,14,15.45,216.3,6.48
2024-12,ART-0056,27,28.47,768.69,25.85
2024-12,ART-0057,26,23.8,618.8,15.28
2024-12,ART-0058,17,39.73,675.41,22.7
2024-12,ART-0059,18,10.23,184.14,6.36
2024-12,ART-0061,9,19.31,173.79,5.25
2024-12,ART-0062,8,20.52,164.16,4.58
2024-12,ART-0063,14,15.97,223.58,7.09
2024-12,ART-0065,13,32.39,421.07,13.51
2024-12,ART-0067,15,13.74,206.1,6.4
2024-12,ART-0068,16,72.65,1162.4,42.7
2024-12,ART-0069,19,15.07,286.33,6.21
2024-12,ART-0070,12,44.34,532.08,14.0
2024-12,ART-0071,10,7.31,73.1,2.6
2024-12,ART-0072,16,23.1,369.6,12.47
2024-12,ART-0074,5,22.79,113.95,3.27
2024-12,ART-0075,5,40.86,204.3,6.75
2024-12,ART-0076,10,13.09,130.9,4.13
2024-12,ART-0077,4,14.76,59.04,1.79
2024-12,ART-0078,18,19.69,354.42,12.61
2024-12,ART-0079,4,13.8,55.2,1.71
2024-12,ART-0080,15,36.84,552.6,17.72
2024-12,ART-0081,4,14.56,58.24,1.5
2024-12,ART-0082,12,50.63,607.56,18.76
2024-12,ART-0083,19,17.97,341.43,9.39
2024-12,ART-0084,10,15.8,158.0,4.26
2024-12,ART-0085,23,51.44,1183.12,39.94
2024-12,ART-0086,18,24.39,439.02,14.8
2024-12,ART-0087,5,27.75,138.75,4.92
2024-12,ART-0088,29,21.4,620.6,15.15
2024-12,ART-0090,9,22.31,200.79,6.6
2024-12,ART-0091,20,20.09,401.8,12.71
2024-12,ART-0092,19,30.83,585.77,18.51
2024-12,ART-0093,7,14.0,98.0,2.46
2024-12,ART-0094,10,11.34,113.4,3.38
2024-12,ART-0095,21,13.7,287.7,10.5
2024-12,ART-0097,21,30.86,648.06,20.32
2024-12,ART-0100,16,9.91,158.56,4.59
2024-12,ART-0103,13,13.59,176.67,5.76
2024-12,ART-0104,10,21.56,215.6,6.13
2024-12,ART-0105,13,7.18,93.34,2.67
2024-12,ART-0106,20,34.93,698.6,23.91
2024-12,ART-0107,19,33.43,635.17,19.31
2024-12,ART-0108,6,19.45,116.7,3.46
2024-12,ART-0109,6,19.91,119.46,4.14
2024-12,ART-0110,33,11.66,384.78,9.07
2024-12,ART-0111,21,27.95,586.95,16.17
2024-12,ART-0112,5,17.94,89.7,2.87
2024-12,ART-0113,38,16.99,645.62,17.85
2024-12,ART-0114,8,25.73,205.84,6.96
2024-12,ART-0115,10,19.1,191.0,5.62
2024-12,ART-0117,37,37.61,1391.57,37.94
2024-12,ART-0118,8,15.66,125.28,3.81
2024-12,ART-0119,4,34.24,136.96,4.21
2024-12,ART-0120,17,10.55,179.35,5.1
2024-12,ART-0121,17,11.66,198.22,7.14
2024-12,ART-0122,22,23.53,517.66,19.39
2024-12,ART-0123,6,18.01,108.06,3.63
2024-12,ART-0125,18,14.55,261.9,6.08
2024-12,ART-0126,10,17.46,174.6,5.75
2024-12,ART-0127,12,18.55,222.6,6.59
2024-12,ART-0128,15,9.95,149.25,5.02
2024-12,ART-0129,15,36.6,549.0,19.2
2024-12,ART-0130,7,49.61,347.27,11.29
2024-12,ART-0131,8,33.69,269.52,8.65
2024-12,ART-0132,12,31.1,373.2,9.61
2024-12,ART-0133,5,13.46,67.3,1.81
2024-12,ART-0134,7,17.42,121.94,4.18
2024-12,ART-0135,18,13.04,234.72,8.14
2024-12,ART-0136,22,24.05,529.1,17.32
2024-12,ART-0137,7,21.5,150.5,3.99
2024-12,ART-0138,14,15.98,223.72,6.21
2024-12,ART-0139,13,16.1,209.3,8.52
2024-12,ART-0141,5,18.75,93.75,2.99
2024-12,ART-0142,7,23.45,164.15,5.2
2024-12,ART-0143,10,18.96,189.6,6.06
2024-12,ART-0144,7,19.02,133.14,4.83
2024-12,ART-0145,19,23.91,454.29,11.44
2024-12,ART-0146,7,11.47,80.29,2.92
2024-12,ART-0148,43,28.0,1204.0,31.23
2024-12,ART-0149,7,16.8,117.6,3.81
2025-01,ART-0000,6,23.05,138.3,4.04
2025-01,ART-0001,12,33.87,406.44,13.07
2025-01,ART-0002,10,28.52,285.2,11.3
2025-01,ART-0003,8,17.73,141.84,4.8
2025-01,ART-0004,5,21.71,108.55,3.44
2025-01,ART-0005,5,22.45,112.25,3.84
2025-01,ART-0006,13,27.16,353.08,10.95
2025-01,ART-0008,9,10.41,93.69,3.3
2025-01,ART-0009,4,28.85,115.4,3.18
2025-01,ART-0010,21,36.81,773.01,27.29
2025-01,ART-0011,17,25.55,434.35,14.74
2025-01,ART-0012,18,15.67,282.06,7.63
2025-01,ART-0013,2,26.16,52.32,1.58
2025-01,ART-0014,8,26.28,210.24,7.3
2025-01,ART-0015,24,28.64,687.36,23.9
2025-01,ART-0017,11,24.17,265.87,8.99
2025-01,ART-0018,18,8.39,151.02,4.33
2025-01,ART-0019,17,15.15,257.55,8.93
2025-01,ART-0021,13,35.74,464.62,12.35
2025-01,ART-0022,37,13.36,494.32,18.18
2025-01,ART-0023,11,16.09,176.99,5.07
2025-01,ART-0024,12,31.23,374.76,11.55
2025-01,ART-0025,4,26.24,104.96,2.11
2025-01,ART-0026,19,15.89,301.91,10.0
2025-01,ART-0027,14,12.73,178.22,6.15
2025-01,ART-0028,38,27.47,1043.86,25.03
2025-01,ART-0029,10,43.29,432.9,12.49
2025-01,ART-0030,4,44.29,177.16,5.57
2025-01,ART-0032,10,34.79,347.9,9.51
2025-01,ART-0033,11,20.69,227.59,6.9
2025-01,ART-0034,2,10.05,20.1,0.57
2025-01,ART-0035,11,19.88,218.68,7.1
2025-01,ART-0036,13,28.38,368.94,9.91
2025-01,ART-0037,17,23.47,398.99,11.33
2025-01,ART-0038,8,40.72,325.76,10.0
2025-01,ART-0039,5,36.47,182.35,5.6
2025-01,ART-0040,6,13.93,83.58,3.18
2025-01,ART-0041,31,16.23,503.13,13.36
2025-01,ART-0042,3,31.15,93.45,2.98
2025-01,ART-0043,5,16.78,83.9,2.57
2025-01,ART-0044,44,11.71,515.24,17.11
2025-01,ART-0045,6,14.4,86.4,2.5
2025-01,ART-0046,13,23.53,305.89,10.64
2025-01,ART-0047,4,24.61,98.44,2.76
2025-01,ART-0048,19,14.57,276.83,9.63
2025-01,ART-0049,5,43.16,215.8,7.68
2025-01,ART-0050,4,32.76,131.04,3.31
2025-01,ART-0051,9,7.17,64.53,1.89
2025-01,ART-0052,5,21.24,106.2,3.85
2025-01,ART-0053,23,15.29,351.67,10.64
2025-01,ART-0054,8,15.94,127.52,3.23
2025-01,ART-0055,11,15.32,168.52,4.76
2025-01,ART-0056,21,28.2,592.2,17.78
2025-01,ART-0058,9,40.18,361.62,9.84
2025-01,ART-0059,9,10.31,92.79,3.07
2025-01,ART-0060,18,10.27,184.86,6.67
2025-01,ART-0061,6,19.32,115.92,3.12
2025-01,ART-0062,7,20.42,142.94,4.13
2025-01,ART-0063,10,15.7,157.0,5.39
2025-01,ART-0064,19,12.53,238.07,7.98
2025-01,ART-0065,10,32.55,325.5,10.67
2025-01,ART-0067,16,13.85,221.6,7.64
2025-01,ART-0068,11,73.09,803.99,24.7
2025-01,ART-0069,12,15.33,183.96,5.83
2025-01,ART-0070,6,44.57,267.42,8.27
2025-01,ART-0071,9,7.43,66.87,1.91
2025-01,ART-0072,13,23.5,305.5,10.02
2025-01,ART-0073,11,19.25,211.75,6.34
2025-01,ART-0075,5,41.44,207.2,5.94
2025-01,ART-0077,5,14.87,74.35,2.16
2025-01,ART-0079,6,14.06,84.36,2.91
2025-01,ART-0080,15,37.46,561.9,18.79
2025-01,ART-0081,6,14.36,86.16,2.66
2025-01,ART-0082,11,49.4,543.4,20.72
2025-01,ART-0083,15,18.18,272.7,8.57
2025-01,ART-0084,13,16.01,208.13,6.64
2025-01,ART-0085,38,50.45,1917.1,55.58
2025-01,ART-0086,23,24.82,570.86,17.19
2025-01,ART-0087,4,27.97,111.88,3.32
2025-01,ART-0088,24,20.99,503.76,10.0
2025-01,ART-0089,14,38.3,536.2,16.92
2025-01,ART-0091,21,20.46,429.66,11.38
2025-01,ART-0092,18,31.2,561.6,14.17
2025-01,ART-0093,7,13.85,96.95,3.3
2025-01,ART-0094,8,11.16,89.28,2.95
2025-01,ART-0095,18,13.6,244.8,7.06
2025-01,ART-0096,26,14.41,374.66,11.01
2025-01,ART-0097,22,30.63,673.86,13.9
2025-01,ART-0098,5,24.1,120.5,3.51
2025-01,ART-0099,5,24.27,121.35,2.83
2025-01,ART-0100,9,9.82,88.38,2.97
2025-01,ART-0101,22,22.83,502.26,14.54
2025-01,ART-0102,11,22.57,248.27,8.04
2025-01,ART-0103,18,13.79,248.22,9.75
2025-01,ART-0104,15,21.65,324.75,9.71
2025-01,ART-0106,30,35.52,1065.6,37.95
2025-01,ART-0107,17,33.26,565.42,17.62
2025-01,ART-0108,7,19.09,133.63,3.97
2025-01,ART-0109,4,20.18,80.72,2.06
2025-01,ART-0110,22,11.51,253.22,7.22
2025-01,ART-0111,9,27.61,248.49,6.53
2025-01,ART-0112,5,17.75,88.75,2.66
2025-01,ART-0113,19,17.02,323.38,8.62
2025-01,ART-0115,7,19.15,134.05,4.71
2025-01,ART-0117,22,38.36,843.92,24.93
2025-01,ART-0119,6,35.11,210.66,8.53
2025-01,ART-0121,13,11.62,151.06,5.7
2025-01,ART-0122,10,23.03,230.3,6.33
2025-01,ART-0123,5,17.92,89.6,2.92
2025-01,ART-0124,15,11.25,168.75,4.18
2025-01,ART-0125,12,14.57,174.84,6.2
2025-01,ART-0126,17,17.59,299.03,9.02
2025-01,ART-0127,11,18.89,207.79,5.98
2025-01,ART-0128,11,10.02,110.22,4.3
2025-01,ART-0129,6,35.83,214.98,6.25
2025-01,ART-0130,8,50.92,407.36,12.91
2025-01,ART-0131,6,33.96,203.76,5.27
2025-01,ART-0133,4,13.17,52.68,1.77
2025-01,ART-0134,9,17.22,154.98,5.49
2025-01,ART-0135,15,12.76,191.4,4.91
2025-01,ART-0137,10,21.13,211.3,7.71
2025-01,ART-0139,14,16.23,227.22,5.76
2025-01,ART-0140,5,19.15,95.75,2.82
2025-01,ART-0141,4,18.78,75.12,2.38
2025-01,ART-0143,10,18.87,188.7,6.24
2025-01,ART-0144,3,18.95,56.85,1.82
2025-01,ART-0146,4,11.56,46.24,1.15
2025-01,ART-0147,17,25.39,431.63,10.42
2025-01,ART-0148,38,28.17,1070.46,32.36
2025-01,ART-0149,5,17.09,85.45,2.97
2025-02,ART-0000,9,23.73,213.57,6.07
2025-02,ART-0001,13,33.49,435.37,15.14
2025-02,ART-0003,8,17.9,143.2,5.0
2025-02,ART-0004,5,21.44,107.2,3.29
2025-02,ART-0006,15,26.85,402.75,11.36
2025-02,ART-0007,6,22.33,133.98,4.28
2025-02,ART-0008,7,10.37,72.59,2.49
2025-02,ART-0010,24,37.18,892.32,30.98
2025-02,ART-0011,24,25.78,618.72,14.84
2025-02,ART-0012,12,15.91,190.92,5.64
2025-02,ART-0013,3,25.52,76.56,2.08
2025-02,ART-0014,12,26.1,313.2,10.13
2025-02,ART-0015,21,28.6,600.6,16.73
2025-02,ART-0016,7,42.58,298.06,7.81
2025-02,ART-0017,9,24.41,219.69,6.29
2025-02,ART-0019,24,15.24,365.76,9.23
2025-02,ART-0020,14,29.18,408.52,12.56
2025-02,ART-0021,10,37.08,370.8,10.79
2025-02,ART-0022,42,13.53,568.26,14.53
2025-02,ART-0024,13,31.27,406.51,10.73
2025-02,ART-0025,4,25.15,100.6,3.19
2025-02,ART-0026,21,15.84,332.64,10.82
2025-02,ART-0027,7,12.95,90.65,1.88
2025-02,ART-0029,18,42.42,763.56,22.92
2025-02,ART-0030,4,45.44,181.76,6.35
2025-02,ART-0031,31,16.76,519.56,17.6
2025-02,ART-0032,11,34.68,381.48,9.54
2025-02,ART-0033,24,21.35,512.4,16.29
2025-02,ART-0035,12,19.48,233.76,4.66
2025-02,ART-0037,17,23.58,400.86,13.9
2025-02,ART-0038,7,41.03,287.21,10.16
2025-02,ART-0039,7,37.08,259.56,8.6
2025-02,ART-0040,8,13.75,110.0,3.71
2025-02,ART-0041,34,16.29,553.86,19.49
2025-02,ART-0042,3,30.85,92.55,2.18
2025-02,ART-0043,3,16.92,50.76,1.52
2025-02,ART-0044,29,11.58,335.82,7.91
2025-02,ART-0045,8,14.19,113.52,3.41
2025-02,ART-0046,16,23.37,373.92,10.96
2025-02,ART-0047,6,24.38,146.28,4.62
2025-02,ART-0049,6,42.1,252.6,9.71
2025-02,ART-0050,12,32.67,392.04,12.66
2025-02,ART-0051,13,7.28,94.64,3.1
2025-02,ART-0052,7,20.74,145.18,5.06
2025-02,ART-0053,22,15.17,333.74,9.19
2025-02,ART-0054,12,15.93,191.16,5.16
2025-02,ART-0056,23,29.13,669.99,23.87
2025-02,ART-0057,22,24.93,548.46,14.37
2025-02,ART-0058,15,40.22,603.3,17.95
2025-02,ART-0059,24,10.43,250.32,8.32
2025-02,ART-0060,30,10.24,307.2,9.07
2025-02,ART-0061,7,19.31,135.17,4.6
2025-02,ART-0062,9,20.3,182.7,5.83
2025-02,ART-0063,14,15.71,219.94,5.79
2025-02,ART-0064,18,12.47,224.46,6.25
2025-02,ART-0065,12,32.94,395.28,10.86
2025-02,ART-0066,4,37.17,148.68,3.78
2025-02,ART-0067,12,13.73,164.76,5.45
2025-02,ART-0068,16,72.59,1161.44,38.55
2025-02,ART-0069,13,15.4,200.2,6.7
2025-02,ART-0070,10,43.71,437.1,15.19
2025-02,ART-0071,13,7.17,93.21,2.59
2025-02,ART-0073,10,19.11,191.1,6.59
2025-02,ART-0074,9,22.61,203.49,6.26
2025-02,ART-0075,5,40.83,204.15,6.6
2025-02,ART-0076,13,13.1,170.3,5.3
2025-02,ART-0077,6,14.74,88.44,2.5
2025-02,ART-0078,28,19.77,553.56,17.51
2025-02,ART-0079,5,13.45,67.25,2.16
2025-02,ART-0080,21,37.27,782.67,26.31
2025-02,ART-0081,4,14.51,58.04,1.46
2025-02,ART-0082,19,50.36,956.84,29.97
2025-02,ART-0084,13,15.77,205.01,5.56
2025-02,ART-0085,25,50.7,1267.5,32.43
2025-02,ART-0086,23,24.43,561.89,14.33
2025-02,ART-0087,5,28.06,140.3,4.83
2025-02,ART-0088,50,21.39,1069.5,35.17
2025-02,ART-0090,12,23.04,276.48,8.7
2025-02,ART-0091,38,20.15,765.7,19.88
2025-02,ART-0092,30,30.98,929.4,31.01
2025-02,ART-0093,9,13.84,124.56,4.02
2025-02,ART-0094,10,11.49,114.9,3.14
2025-02,ART-0095,23,13.51,310.73,8.78
2025-02,ART-0097,40,30.82,1232.8,44.31
2025-02,ART-0098,3,23.98,71.94,2.39
2025-02,ART-0099,4,24.39,97.56,3.34
2025-02,ART-0100,14,9.59,134.26,4.05
2025-02,ART-0101,16,23.14,370.24,12.59
2025-02,ART-0102,19,22.19,421.61,11.17
2025-02,ART-0103,11,14.07,154.77,4.42
2025-02,ART-0104,11,21.57,237.27,9.12
2025-02,ART-0105,8,7.19,57.52,1.75
2025-02,ART-0106,40,35.77,1430.8,48.98
2025-02,ART-0107,28,33.27,931.56,38.68
2025-02,ART-0109,14,20.1,281.4,8.95
2025-02,ART-0110,22,11.49,252.78,8.02
2025-02,ART-0111,13,27.8,361.4,10.7
2025-02,ART-0113,19,16.88,320.72,10.66
2025-02,ART-0114,7,25.74,180.18,4.83
2025-02,ART-0115,8,19.09,152.72,4.49
2025-02,ART-0116,16,13.18,210.88,5.12
2025-02,ART-0117,30,37.41,1122.3,33.21
2025-02,ART-0118,10,15.5,155.0,5.47
2025-02,ART-0119,7,34.67,242.69,6.35
2025-02,ART-0122,13,22.86,297.18,8.6
2025-02,ART-0123,7,17.85,124.95,3.54
2025-02,ART-0126,14,17.78,248.92,8.53
2025-02,ART-0127,11,18.56,204.16,6.27
2025-02,ART-0128,9,9.64,86.76,2.71
2025-02,ART-0129,18,36.33,653.94,20.8
2025-02,ART-0130,9,50.3,452.7,14.64
2025-02,ART-0131,6,34.06,204.36,6.88
2025-02,ART-0132,8,31.14,249.12,6.49
2025-02,ART-0134,6,17.23,103.38,3.5
2025-02,ART-0135,17,12.98,220.66,6.93
2025-02,ART-0136,13,24.59,319.67,9.6
2025-02,ART-0137,7,20.95,146.65,5.07
2025-02,ART-0139,22,16.14,355.08,8.24
2025-02,ART-0141,2,18.78,37.56,0.97
2025-02,ART-0142,5,23.13,115.65,4.02
2025-02,ART-0143,10,19.13,191.3,6.39
2025-02,ART-0144,18,19.17,345.06,13.48
2025-02,ART-0146,5,11.72,58.6,1.82
2025-02,ART-0147,9,25.65,230.85,6.55
2025-02,ART-0149,8,16.43,131.44,4.09
2025-03,ART-0000,7,23.25,162.75,5.2
2025-03,ART-0001,20,33.32,666.4,20.02
2025-03,ART-0002,15,27.92,418.8,12.88
2025-03,ART-0003,6,17.74,106.44,2.97
2025-03,ART-0004,5,21.91,109.55,3.47
2025-03,ART-0005,5,22.8,114.0,4.2
2025-03,ART-0006,12,27.26,327.12,10.97
2025-03,ART-0007,8,21.44,171.52,4.46
2025-03,ART-0008,6,10.17,61.02,2.05
2025-03,ART-0009,10,28.65,286.5,8.55
2025-03,ART-0010,17,37.36,635.12,17.16
2025-03,ART-0011,21,25.64,538.44,17.24
2025-03,ART-0012,20,15.69,313.8,10.59
2025-03,ART-0013,3,26.45,79.35,2.48
2025-03,ART-0015,25,27.83,695.75,23.8
2025-03,ART-0016,14,43.08,603.12,20.13
2025-03,ART-0017,6,23.88,143.28,4.2
2025-03,ART-0018,18,8.46,152.28,4.09
2025-03,ART-0020,15,29.06,435.9,10.89
2025-03,ART-0021,10,36.61,366.1,15.51
2025-03,ART-0022,40,13.7,548.0,16.06
2025-03,ART-0024,10,30.96,309.6,11.12
2025-03,ART-0025,5,25.55,127.75,4.6
2025-03,ART-0027,13,12.92,167.96,4.17
2025-03,ART-0028,33,27.35,902.55,22.96
2025-03,ART-0029,13,42.16,548.08,14.1
2025-03,ART-0030,4,45.43,181.72,5.14
2025-03,ART-0031,35,16.7,584.5,18.3
2025-03,ART-0032,13,34.51,448.63,15.3
2025-03,ART-0033,15,20.72,310.8,10.23
2025-03,ART-0034,4,9.95,39.8,1.22
2025-03,ART-0035,10,19.67,196.7,5.93
2025-03,ART-0036,15,28.49,427.35,13.27
2025-03,ART-0037,19,23.88,453.72,13.07
2025-03,ART-0038,7,40.97,286.79,10.13
2025-03,ART-0039,10,36.81,368.1,13.1
2025-03,ART-0040,6,13.75,82.5,2.35
2025-03,ART-0042,4,31.79,127.16,3.47
2025-03,ART-0043,5,16.82,84.1,2.03
2025-03,ART-0044,55,11.6,638.0,19.22
2025-03,ART-0046,11,23.92,263.12,9.96
2025-03,ART-0047,6,24.1,144.6,4.37
2025-03,ART-0048,20,14.55,291.0,11.33
2025-03,ART-0049,5,42.59,212.95,6.4
2025-03,ART-0050,6,32.74,196.44,6.28
2025-03,ART-0051,16,7.3,116.8,3.14
2025-03,ART-0052,5,20.95,104.75,3.44
2025-03,ART-0053,35,14.98,524.3,16.83
2025-03,ART-0054,15,16.07,241.05,9.64
2025-03,ART-0055,16,15.39,246.24,7.77
2025-03,ART-0056,14,28.49,398.86,10.04
2025-03,ART-0057,35,24.02,840.7,28.94
2025-03,ART-0058,12,39.86,478.32,14.69
2025-03,ART-0059,12,10.44,125.28,3.69
2025-03,ART-0060,31,10.25,317.75,9.63
2025-03,ART-0061,8,19.28,154.24,3.9
2025-03,ART-0063,12,15.71,188.52,7.37
2025-03,ART-0064,15,12.68,190.2,7.46
2025-03,ART-0065,12,32.88,394.56,13.61
2025-03,ART-0066,4,36.85,147.4,3.32
2025-03,ART-0067,15,13.74,206.1,6.14
2025-03,ART-0068,18,73.12,1316.16,42.45
2025-03,ART-0069,13,15.09,196.17,4.52
2025-03,ART-0070,9,42.99,386.91,12.97
2025-03,ART-0072,11,23.48,258.28,8.25
2025-03,ART-0073,10,19.21,192.1,5.78
2025-03,ART-0074,9,22.85,205.65,6.19
2025-03,ART-0076,9,13.25,119.25,3.52
2025-03,ART-0077,6,14.73,88.38,3.42
2025-03,ART-0078,20,20.1,402.0,10.21
2025-03,ART-0079,6,13.77,82.62,2.25
2025-03,ART-0081,4,14.2,56.8,1.33
2025-03,ART-0082,17,49.47,840.99,25.14
2025-03,ART-0083,18,18.14,326.52,11.43
2025-03,ART-0084,21,15.66,328.86,10.65
2025-03,ART-0085,30,50.45,1513.5,44.55
2025-03,ART-0088,23,21.37,491.51,16.37
2025-03,ART-0089,8,39.22,313.76,9.5
2025-03,ART-0090,21,22.68,476.28,15.41
2025-03,ART-0091,20,20.37,407.4,15.16
2025-03,ART-0092,24,31.16,747.84,20.39
2025-03,ART-0093,8,13.84,110.72,3.02
2025-03,ART-0094,13,11.51,149.63,4.46
2025-03,ART-0095,17,13.71,233.07,6.17
2025-03,ART-0099,3,24.48,73.44,2.08
2025-03,ART-0100,7,9.73,68.11,1.98
2025-03,ART-0101,15,22.47,337.05,12.28
2025-03,ART-0102,13,22.51,292.63,7.38
2025-03,ART-0103,17,14.06,239.02,6.68
2025-03,ART-0105,9,7.15,64.35,2.03
2025-03,ART-0106,20,35.62,712.4,21.19
2025-03,ART-0107,18,33.42,601.56,19.23
2025-03,ART-0108,6,19.15,114.9,3.97
2025-03,ART-0109,5,20.21,101.05,3.16
2025-03,ART-0110,24,11.58,277.92,8.85
2025-03,ART-0111,15,27.8,417.0,12.85
2025-03,ART-0112,5,17.92,89.6,2.4
2025-03,ART-0113,43,17.26,742.18,25.82
2025-03,ART-0114,5,25.37,126.85,3.73
2025-03,ART-0115,6,19.16,114.96,4.12
2025-03,ART-0116,13,13.0,169.0,5.96
2025-03,ART-0117,29,37.1,1075.9,32.07
2025-03,ART-0118,9,15.72,141.48,3.3
2025-03,ART-0119,5,34.57,172.85,6.08
2025-03,ART-0120,15,10.62,159.3,5.24
2025-03,ART-0121,19,11.6,220.4,7.16
2025-03,ART-0122,11,23.23,255.53,7.16
2025-03,ART-0123,7,17.96,125.72,3.47
2025-03,ART-0124,15,11.51,172.65,4.88
2025-03,ART-0125,33,14.32,472.56,12.23
2025-03,ART-0126,12,17.95,215.4,6.0
2025-03,ART-0127,11,19.05,209.55,6.44
2025-03,ART-0128,10,9.66,96.6,2.95
2025-03,ART-0129,10,36.51,365.1,12.11
2025-03,ART-0130,7,49.53,346.71,11.29
2025-03,ART-0131,7,34.18,239.26,8.05
2025-03,ART-0132,8,30.61,244.88,6.85
2025-03,ART-0133,8,13.21,105.68,3.03
2025-03,ART-0134,5,17.08,85.4,2.33
2025-03,ART-0135,19,13.12,249.28,6.5
2025-03,ART-0136,18,24.38,438.84,16.13
2025-03,ART-0137,5,20.98,104.9,3.41
2025-03,ART-0138,11,16.11,177.21,5.5
2025-03,ART-0139,18,16.27,292.86,9.92
2025-03,ART-0140,4,19.04,76.16,2.1
2025-03,ART-0141,5,18.55,92.75,3.03
2025-03,ART-0143,8,19.19,153.52,4.32
2025-03,ART-0144,9,19.35,174.15,6.01
2025-03,ART-0145,16,23.94,383.04,13.07
2025-03,ART-0147,11,26.28,289.08,9.67
2025-03,ART-0148,28,28.5,798.0,23.05
2025-03,ART-0149,12,16.64,199.68,6.65
2025-04,ART-0000,7,23.16,162.12,4.96
2025-04,ART-0001,10,33.79,337.9,12.81
2025-04,ART-0002,15,28.06,420.9,16.28
2025-04,ART-0003,5,18.1,90.5,2.91
2025-04,ART-0004,6,22.04,132.24,4.21
2025-04,ART-0005,8,23.17,185.36,7.14
2025-04,ART-0007,7,21.97,153.79,4.76
2025-04,ART-0008,7,10.3,72.1,3.07
2025-04,ART-0009,6,28.5,171.0,4.72
2025-04,ART-0012,16,16.15,258.4,6.85
2025-04,ART-0013,4,25.98,103.92,3.52
2025-04,ART-0014,9,25.98,233.82,5.09
2025-04,ART-0015,20,28.61,572.2,17.36
2025-04,ART-0016,5,42.73,213.65,7.63
2025-04,ART-0018,20,8.52,170.4,4.76
2025-04,ART-0019,14,15.16,212.24,6.91
2025-04,ART-0020,12,29.26,351.12,11.04
2025-04,ART-0021,11,36.86,405.46,12.33
2025-04,ART-0022,33,13.5,445.5,11.77
2025-04,ART-0023,9,16.17,145.53,5.89
2025-04,ART-0025,4,25.35,101.4,3.04
2025-04,ART-0026,22,16.17,355.74,13.28
2025-04,ART-0027,9,13.06,117.54,4.01
2025-04,ART-0029,20,42.78,855.6,31.6
2025-04,ART-0030,3,45.88,137.64,3.33
2025-04,ART-0031,33,17.13,565.29,16.48
2025-04,ART-0032,17,34.8,591.6,17.96
2025-04,ART-0033,12,20.85,250.2,6.85
2025-04,ART-0035,11,20.28,223.08,5.69
2025-04,ART-0036,17,28.09,477.53,13.77
2025-04,ART-0037,22,23.06,507.32,17.42
2025-04,ART-0038,6,41.23,247.38,7.69
2025-04,ART-0039,8,36.99,295.92,6.23
2025-04,ART-0040,9,13.68,123.12,4.28
2025-04,ART-0041,47,16.43,772.21,16.53
2025-04,ART-0042,4,31.47,125.88,3.98
2025-04,ART-0043,5,16.91,84.55,2.55
2025-04,ART-0045,5,14.24,71.2,2.13
2025-04,ART-0046,11,23.77,261.47,6.43
2025-04,ART-0047,6,24.34,146.04,4.03
2025-04,ART-0049,5,42.44,212.2,6.18
2025-04,ART-0050,11,32.24,354.64,9.57
2025-04,ART-0051,17,7.33,124.61,4.22
2025-04,ART-0052,3,21.44,64.32,1.83
2025-04,ART-0053,33,15.2,501.6,16.89
2025-04,ART-0054,11,15.71,172.81,4.77
2025-04,ART-0055,10,15.58,155.8,5.2
2025-04,ART-0056,21,28.51,598.71,21.3
2025-04,ART-0057,28,23.92,669.76,23.37
2025-04,ART-0058,12,39.88,478.56,13.73
2025-04,ART-0059,13,10.34,134.42,5.72
2025-04,ART-0061,6,19.45,116.7,3.62
2025-04,ART-0062,4,20.56,82.24,2.86
2025-04,ART-0064,15,12.62,189.3,5.58
2025-04,ART-0065,18,32.29,581.22,18.68
2025-04,ART-0066,4,37.95,151.8,4.6
2025-04,ART-0067,9,13.83,124.47,4.62
2025-04,ART-0068,11,72.68,799.48,25.33
2025-04,ART-0069,12,15.21,182.52,5.16
2025-04,ART-0070,5,43.33,216.65,6.39
2025-04,ART-0072,17,23.69,402.73,13.41
2025-04,ART-0074,4,22.42,89.68,2.95
2025-04,ART-0075,7,40.73,285.11,11.54
2025-04,ART-0076,7,13.25,92.75,2.96
2025-04,ART-0077,5,14.68,73.4,2.23
2025-04,ART-0078,12,19.87,238.44,7.33
2025-04,ART-0079,4,13.91,55.64,1.59
2025-04,ART-0080,17,37.26,633.42,19.14
2025-04,ART-0081,5,14.17,70.85,2.3
2025-04,ART-0082,16,49.86,797.76,26.77
2025-04,ART-0083,16,18.13,290.08,10.07
2025-04,ART-0086,19,24.73,469.87,15.31
2025-04,ART-0087,2,28.31,56.62,1.86
2025-04,ART-0088,14,21.5,301.0,8.68
2025-04,ART-0089,10,38.81,388.1,11.89
2025-04,ART-0090,8,22.3,178.4,6.14
2025-04,ART-0091,33,20.28,669.24,20.15
2025-04,ART-0092,24,31.34,752.16,22.92
2025-04,ART-0093,5,13.86,69.3,2.34
2025-04,ART-0094,12,11.14,133.68,4.36
2025-04,ART-0095,11,13.45,147.95,4.84
2025-04,ART-0098,4,23.77,95.08,3.17
2025-04,ART-0100,8,9.78,78.24,1.95
2025-04,ART-0101,23,22.34,513.82,17.71
2025-04,ART-0102,19,22.5,427.5,15.48
2025-04,ART-0103,15,13.75,206.25,6.89
2025-04,ART-0104,8,22.11,176.88,5.21
2025-04,ART-0105,13,7.17,93.21,2.4
2025-04,ART-0106,24,36.07,865.68,23.34
2025-04,ART-0107,15,33.06,495.9,15.23
2025-04,ART-0108,8,19.05,152.4,4.69
2025-04,ART-0109,5,20.31,101.55,3.98
2025-04,ART-0110,23,11.58,266.34,8.3
2025-04,ART-0111,14,27.7,387.8,13.07
2025-04,ART-0112,4,17.94,71.76,2.23
2025-04,ART-0113,23,17.05,392.15,11.07
2025-04,ART-0116,9,13.03,117.27,3.62
2025-04,ART-0117,43,37.26,1602.18,50.83
2025-04,ART-0118,7,15.69,109.83,4.41
2025-04,ART-0119,6,34.75,208.5,5.04
2025-04,ART-0120,23,10.6,243.8,6.46
2025-04,ART-0122,12,23.22,278.64,10.3
2025-04,ART-0123,9,18.06,162.54,5.77
2025-04,ART-0125,29,14.49,420.21,14.16
2025-04,ART-0127,11,18.84,207.24,6.22
2025-04,ART-0128,9,9.78,88.02,2.99
2025-04,ART-0129,12,36.39,436.68,12.97
2025-04,ART-0130,8,49.64,397.12,10.91
2025-04,ART-0131,6,34.02,204.12,5.22
2025-04,ART-0132,8,31.03,248.24,7.99
2025-04,ART-0133,9,13.21,118.89,3.91
2025-04,ART-0135,17,13.14,223.38,6.67
2025-04,ART-0136,21,24.03,504.63,18.9
2025-04,ART-0137,9,21.24,191.16,6.25
2025-04,ART-0138,12,15.85,190.2,4.43
2025-04,ART-0139,20,15.99,319.8,7.25
2025-04,ART-0140,4,19.17,76.68,2.15
2025-04,ART-0142,5,23.34,116.7,2.99
2025-04,ART-0143,10,18.87,188.7,5.52
2025-04,ART-0144,7,19.24,134.68,3.86
2025-04,ART-0145,17,24.32,413.44,12.62
2025-04,ART-0146,5,11.44,57.2,1.52
2025-04,ART-0148,38,28.13,1068.94,37.99
2025-04,ART-0149,11,16.82,185.02,4.73
2025-05,ART-0000,12,23.59,283.08,9.92
2025-05,ART-0001,17,33.96,577.32,18.1
2025-05,ART-0002,12,28.64,343.68,13.38
2025-05,ART-0003,4,18.0,72.0,1.82
2025-05,ART-0004,7,21.64,151.48,5.42
2025-05,ART-0005,5,22.44,112.2,4.15
2025-05,ART-0006,16,26.74,427.84,17.29
2025-05,ART-0007,7,21.91,153.37,5.21
2025-05,ART-0009,9,28.89,260.01,8.59
2025-05,ART-0010,17,36.62,622.54,19.37
2025-05,ART-0012,14,15.54,217.56,5.81
2025-05,ART-0014,10,26.13,261.3,8.1
2025-05,ART-0015,27,28.23,762.21,27.86
2025-05,ART-0016,6,42.97,257.82,8.18
2025-05,ART-0017,9,24.01,216.09,7.86
2025-05,ART-0019,25,15.4,385.0,10.92
2025-05,ART-0020,22,29.31,644.82,20.46
2025-05,ART-0023,11,16.13,177.43,4.49
2025-05,ART-0024,8,32.08,256.64,7.46
2025-05,ART-0025,7,25.31,177.17,5.99
2025-05,ART-0026,19,16.01,304.19,9.98
2025-05,ART-0028,41,27.86,1142.26,41.25
2025-05,ART-0031,34,16.91,574.94,18.59
2025-05,ART-0032,12,35.0,420.0,12.63
2025-05,ART-0033,13,21.17,275.21,7.96
2025-05,ART-0034,3,9.96,29.88,1.11
2025-05,ART-0035,6,19.45,116.7,3.51
2025-05,ART-0036,12,28.19,338.28,9.93
2025-05,ART-0037,16,23.54,376.64,12.13
2025-05,ART-0038,8,40.64,325.12,7.38
2025-05,ART-0040,7,13.85,96.95,2.38
2025-05,ART-0042,3,31.36,94.08,2.7
2025-05,ART-0043,6,16.87,101.22,3.36
2025-05,ART-0044,38,11.53,438.14,9.12
2025-05,ART-0045,5,14.36,71.8,2.14
2025-05,ART-0046,10,23.65,236.5,7.3
2025-05,ART-0047,5,24.64,123.2,4.93
2025-05,ART-0048,24,14.54,348.96,9.34
2025-05,ART-0049,4,42.11,168.44,5.52
2025-05,ART-0051,17,7.31,124.27,3.48
2025-05,ART-0052,4,21.27,85.08,2.81
2025-05,ART-0053,31,15.47,479.57,16.64
2025-05,ART-0054,12,15.99,191.88,4.74
2025-05,ART-0056,19,29.09,552.71,15.73
2025-05,ART-0057,26,24.21,629.46,19.63
2025-05,ART-0058,10,40.26,402.6,15.77
2025-05,ART-0059,11,10.46,115.06,3.74
2025-05,ART-0060,28,10.31,288.68,7.18
2025-05,ART-0061,8,19.34,154.72,4.47
2025-05,ART-0062,9,20.59,185.31,5.7
2025-05,ART-0063,11,15.54,170.94,5.5
2025-05,ART-0064,12,12.56,150.72,4.83
2025-05,ART-0065,8,32.29,258.32,8.4
2025-05,ART-0066,5,38.04,190.2,5.9
2025-05,ART-0067,17,13.69,232.73,6.85
2025-05,ART-0068,18,73.64,1325.52,43.02
2025-05,ART-0069,14,15.16,212.24,5.53
2025-05,ART-0071,12,7.4,88.8,2.75
2025-05,ART-0072,10,23.78,237.8,6.37
2025-05,ART-0073,9,19.65,176.85,4.44
2025-05,ART-0075,6,41.24,247.44,7.36
2025-05,ART-0076,8,13.07,104.56,3.0
2025-05,ART-0077,4,14.6,58.4,1.87
2025-05,ART-0078,13,19.84,257.92,8.13
2025-05,ART-0079,4,13.84,55.36,1.64
2025-05,ART-0080,12,37.3,447.6,13.32
2025-05,ART-0081,4,14.5,58.0,1.44
2025-05,ART-0082,9,50.08,450.72,15.5
2025-05,ART-0083,31,17.93,555.83,17.87
2025-05,ART-0085,20,50.43,1008.6,29.28
2025-05,ART-0086,15,25.21,378.15,11.22
2025-05,ART-0087,5,27.74,138.7,4.54
2025-05,ART-0088,19,21.31,404.89,13.39
2025-05,ART-0089,6,39.02,234.12,6.68
2025-05,ART-0090,13,23.2,301.6,8.38
2025-05,ART-0091,22,20.47,450.34,12.43
2025-05,ART-0092,31,30.6,948.6,27.53
2025-05,ART-0093,9,13.94,125.46,3.3
2025-05,ART-0094,10,11.23,112.3,4.32
2025-05,ART-0095,15,13.75,206.25,4.88
2025-05,ART-0096,12,14.39,172.68,5.19
2025-05,ART-0097,22,30.72,675.84,24.73
2025-05,ART-0098,4,24.23,96.92,2.62
2025-05,ART-0099,5,24.22,121.1,4.42
2025-05,ART-0101,18,22.07,397.26,12.44
2025-05,ART-0102,14,22.78,318.92,10.81
2025-05,ART-0103,14,13.88,194.32,5.47
2025-05,ART-0105,7,7.27,50.89,1.89
2025-05,ART-0106,26,35.08,912.08,25.1
2025-05,ART-0107,16,32.85,525.6,17.11
2025-05,ART-0108,5,19.43,97.15,3.47
2025-05,ART-0109,7,20.09,140.63,5.73
2025-05,ART-0110,29,11.43,331.47,10.27
2025-05,ART-0111,15,27.24,408.6,10.53
2025-05,ART-0112,4,18.07,72.28,2.19
2025-05,ART-0114,6,25.49,152.94,4.11
2025-05,ART-0115,6,19.12,114.72,3.9
2025-05,ART-0117,23,38.02,874.46,35.66
2025-05,ART-0118,6,15.39,92.34,2.87
2025-05,ART-0121,12,11.72,140.64,4.58
2025-05,ART-0122,12,23.12,277.44,10.22
2025-05,ART-0123,8,17.54,140.32,4.96
2025-05,ART-0124,18,11.34,204.12,5.87
2025-05,ART-0126,10,17.55,175.5,5.71
2025-05,ART-0128,8,9.9,79.2,2.97
2025-05,ART-0129,10,36.75,367.5,10.93
2025-05,ART-0130,10,50.83,508.3,17.7
2025-05,ART-0131,5,34.58,172.9,4.92
2025-05,ART-0132,7,30.84,215.88,7.79
2025-05,ART-0133,6,13.29,79.74,2.41
2025-05,ART-0134,5,17.17,85.85,2.54
2025-05,ART-0135,11,13.0,143.0,3.71
2025-05,ART-0136,15,24.42,366.3,11.93
2025-05,ART-0137,5,21.16,105.8,3.08
2025-05,ART-0138,11,15.82,174.02,4.53
2025-05,ART-0139,21,16.25,341.25,9.81
2025-05,ART-0140,3,19.07,57.21,1.81
2025-05,ART-0142,8,23.2,185.6,5.15
2025-05,ART-0143,11,18.85,207.35,6.14
2025-05,ART-0145,19,23.94,454.86,13.79
2025-05,ART-0146,5,11.73,58.65,1.34
2025-05,ART-0147,6,25.41,152.46,4.25
2025-05,ART-0148,46,27.88,1282.48,44.75
2025-05,ART-0149,7,16.75,117.25,3.8
2025-06,ART-0000,10,23.53,235.3,6.66
2025-06,ART-0001,18,33.52,603.36,20.5
2025-06,ART-0002,10,28.04,280.4,7.05
2025-06,ART-0003,5,18.22,91.1,2.74
2025-06,ART-0004,5,21.48,107.4,3.15
2025-06,ART-0005,6,22.74,136.44,3.81
2025-06,ART-0006,10,27.25,272.5,9.58
2025-06,ART-0007,7,22.02,154.14,4.24
2025-06,ART-0008,7,10.47,73.29,2.47
2025-06,ART-0009,6,28.7,172.2,5.87
2025-06,ART-0010,21,36.78,772.38,25.16
2025-06,ART-0011,13,26.34,342.42,12.26
2025-06,ART-0012,13,15.85,206.05,5.85
2025-06,ART-0014,11,26.14,287.54,9.03
2025-06,ART-0015,30,28.38,851.4,26.31
2025-06,ART-0017,12,24.31,291.72,9.36
2025-06,ART-0018,11,8.44,92.84,2.38
2025-06,ART-0019,20,15.33,306.6,8.98
2025-06,ART-0020,18,29.22,525.96,17.02
2025-06,ART-0021,7,36.74,257.18,8.47
2025-06,ART-0022,49,13.31,652.19,24.82
2025-06,ART-0024,8,31.16,249.28,6.89
2025-06,ART-0025,6,25.63,153.78,5.27
2025-06,ART-0027,16,13.06,208.96,5.64
2025-06,ART-0029,12,42.21,506.52,14.89
2025-06,ART-0031,21,16.83,353.43,13.06
2025-06,ART-0033,10,20.69,206.9,6.02
2025-06,ART-0034,3,10.04,30.12,1.01
2025-06,ART-0035,9,19.77,177.93,5.96
2025-06,ART-0036,10,28.34,283.4,9.32
2025-06,ART-0037,18,23.48,422.64,11.99
2025-06,ART-0038,14,42.14,589.96,15.73
2025-06,ART-0039,9,37.02,333.18,9.98
2025-06,ART-0040,9,13.66,122.94,3.49
2025-06,ART-0041,29,16.64,482.56,17.17
2025-06,ART-0042,3,31.22,93.66,3.0
2025-06,ART-0043,5,16.81,84.05,2.56
2025-06,ART-0044,37,11.78,435.86,12.67
2025-06,ART-0045,9,14.49,130.41,4.32
2025-06,ART-0046,10,23.87,238.7,7.81
2025-06,ART-0047,5,24.25,121.25,4.08
2025-06,ART-0048,18,14.7,264.6,6.76
2025-06,ART-0049,5,41.94,209.7,7.68
2025-06,ART-0050,12,33.21,398.52,13.18
2025-06,ART-0051,10,7.11,71.1,2.43
2025-06,ART-0052,4,21.0,84.0,2.96
2025-06,ART-0055,11,15.5,170.5,5.17
2025-06,ART-0056,19,29.16,554.04,19.9
2025-06,ART-0057,38,24.16,918.08,23.61
2025-06,ART-0058,16,39.57,633.12,22.23
2025-06,ART-0059,15,10.3,154.5,5.51
2025-06,ART-0060,37,10.26,379.62,13.67
2025-06,ART-0061,5,18.99,94.95,2.83
2025-06,ART-0062,7,20.41,142.87,4.61
2025-06,ART-0063,10,15.59,155.9,4.91
2025-06,ART-0064,12,12.54,150.48,5.43
2025-06,ART-0065,16,33.22,531.52,21.19
2025-06,ART-0066,6,37.29,223.74,7.85
2025-06,ART-0070,5,43.55,217.75,5.77
2025-06,ART-0071,15,7.45,111.75,3.22
2025-06,ART-0072,11,23.26,255.86,7.97
2025-06,ART-0073,10,19.34,193.4,4.9
2025-06,ART-0074,6,22.05,132.3,3.83
2025-06,ART-0075,6,40.67,244.02,6.87
2025-06,ART-0076,9,13.24,119.16,3.59
2025-06,ART-0077,6,14.54,87.24,3.11
2025-06,ART-0078,18,19.72,354.96,11.02
2025-06,ART-0079,5,13.72,68.6,2.05
2025-06,ART-0080,15,37.35,560.25,14.37
2025-06,ART-0083,30,18.17,545.1,14.48
2025-06,ART-0084,13,15.29,198.77,5.93
2025-06,ART-0085,22,50.92,1120.24,39.11
2025-06,ART-0086,15,24.96,374.4,13.06
2025-06,ART-0088,20,21.61,432.2,11.76
2025-06,ART-0089,11,39.39,433.29,12.99
2025-06,ART-0090,11,22.62,248.82,7.1
2025-06,ART-0091,18,20.4,367.2,11.71
2025-06,ART-0092,16,30.88,494.08,13.44
2025-06,ART-0093,8,13.84,110.72,3.39
2025-06,ART-0094,6,11.28,67.68,2.59
2025-06,ART-0095,14,13.79,193.06,6.78
2025-06,ART-0096,15,14.35,215.25,7.21
2025-06,ART-0097,27,30.81,831.87,27.64
2025-06,ART-0098,5,24.36,121.8,3.01
2025-06,ART-0099,3,24.41,73.23,2.54
2025-06,ART-0100,10,9.65,96.5,2.71
2025-06,ART-0101,23,22.49,517.27,12.3
2025-06,ART-0102,13,22.4,291.2,8.62
2025-06,ART-0105,7,7.17,50.19,1.66
2025-06,ART-0106,38,35.72,1357.36,47.6
2025-06,ART-0107,20,33.19,663.8,20.42
2025-06,ART-0109,4,20.15,80.6,2.3
2025-06,ART-0110,28,11.76,329.28,9.04
2025-06,ART-0111,14,27.97,391.58,12.17
2025-06,ART-0112,6,18.0,108.0,2.76
2025-06,ART-0113,19,16.83,319.77,11.72
2025-06,ART-0114,9,25.56,230.04,6.02
2025-06,ART-0115,6,18.91,113.46,4.27
2025-06,ART-0116,13,12.86,167.18,5.09
2025-06,ART-0117,31,37.59,1165.29,38.6
2025-06,ART-0118,9,15.38,138.42,5.14
2025-06,ART-0119,6,34.81,208.86,6.09
2025-06,ART-0120,21,10.62,223.02,7.69
2025-06,ART-0121,15,11.61,174.15,6.01
2025-06,ART-0122,7,22.78,159.46,5.49
2025-06,ART-0123,5,18.28,91.4,2.87
2025-06,ART-0124,25,11.58,289.5,9.43
2025-06,ART-0125,19,14.48,275.12,9.17
2025-06,ART-0126,8,17.01,136.08,2.93
2025-06,ART-0129,10,36.67,366.7,11.72
2025-06,ART-0130,7,49.43,346.01,11.53
2025-06,ART-0131,5,34.62,173.1,4.2
2025-06,ART-0133,5,13.2,66.0,2.31
2025-06,ART-0134,9,17.26,155.34,4.77
2025-06,ART-0135,19,13.1,248.9,7.65
2025-06,ART-0136,28,23.86,668.08,18.15
2025-06,ART-0137,11,21.05,231.55,6.6
2025-06,ART-0138,9,15.91,143.19,4.23
2025-06,ART-0139,12,16.25,195.0,5.83
2025-06,ART-0140,3,19.27,57.81,2.09
2025-06,ART-0141,4,18.77,75.08,2.42
2025-06,ART-0142,3,23.34,70.02,2.43
2025-06,ART-0143,8,18.96,151.68,3.97
2025-06,ART-0144,12,19.1,229.2,6.09
2025-06,ART-0145,19,24.43,464.17,14.86
2025-06,ART-0146,7,11.36,79.52,2.01
2025-06,ART-0147,9,25.59,230.31,7.8
2025-06,ART-0148,27,28.04,757.08,25.45
2025-06,ART-0149,9,16.72,150.48,4.25
2025-07,ART-0001,13,33.01,429.13,12.47
2025-07,ART-0002,13,28.18,366.34,10.01
2025-07,ART-0003,7,17.81,124.67,2.73
2025-07,ART-0004,6,21.51,129.06,3.22
2025-07,ART-0005,5,22.56,112.8,3.1
2025-07,ART-0006,8,27.17,217.36,5.74
2025-07,ART-0007,5,21.94,109.7,3.47
2025-07,ART-0008,6,10.23,61.38,1.83
2025-07,ART-0009,7,28.67,200.69,6.39
2025-07,ART-0010,14,37.17,520.38,14.93
2025-07,ART-0011,15,25.63,384.45,12.85
2025-07,ART-0014,9,26.55,238.95,6.37
2025-07,ART-0017,7,23.99,167.93,4.91
2025-07,ART-0018,9,8.37,75.33,2.42
2025-07,ART-0019,13,15.21,197.73,6.85
2025-07,ART-0020,14,29.06,406.84,10.83
2025-07,ART-0021,11,37.39,411.29,15.1
2025-07,ART-0022,54,13.6,734.4,26.1
2025-07,ART-0023,7,16.11,112.77,3.92
2025-07,ART-0024,15,31.03,465.45,13.78
2025-07,ART-0025,6,25.35,152.1,5.43
2025-07,ART-0026,20,16.02,320.4,7.02
2025-07,ART-0027,9,12.81,115.29,3.57
2025-07,ART-0029,14,42.0,588.0,19.71
2025-07,ART-0030,4,44.58,178.32,6.17
2025-07,ART-0031,23,16.42,377.66,11.81
2025-07,ART-0032,12,34.61,415.32,14.22
2025-07,ART-0033,12,20.66,247.92,7.66
2025-07,ART-0034,3,9.99,29.97,0.68
2025-07,ART-0035,6,19.13,114.78,3.9
2025-07,ART-0036,8,28.9,231.2,6.11
2025-07,ART-0037,14,23.48,328.72,11.46
2025-07,ART-0038,12,41.33,495.96,13.78
2025-07,ART-0039,9,36.51,328.59,11.37
2025-07,ART-0040,8,13.5,108.0,4.35
2025-07,ART-0041,21,16.36,343.56,12.54
2025-07,ART-0042,3,31.43,94.29,2.94
2025-07,ART-0043,6,16.73,100.38,3.44
2025-07,ART-0044,33,11.57,381.81,10.67
2025-07,ART-0045,5,14.25,71.25,2.21
2025-07,ART-0046,13,23.92,310.96,12.66
2025-07,ART-0047,7,24.4,170.8,6.22
2025-07,ART-0049,7,42.6,298.2,10.18
2025-07,ART-0050,9,32.94,296.46,8.48
2025-07,ART-0051,15,7.31,109.65,2.66
2025-07,ART-0052,5,21.06,105.3,4.17
2025-07,ART-0053,17,15.22,258.74,8.78
2025-07,ART-0054,20,15.83,316.6,9.17
2025-07,ART-0057,22,24.02,528.44,18.03
2025-07,ART-0059,17,10.31,175.27,6.34
2025-07,ART-0060,31,10.24,317.44,9.35
2025-07,ART-0061,10,19.73,197.3,6.84
2025-07,ART-0062,7,20.69,144.83,5.51
2025-07,ART-0063,11,15.63,171.93,6.53
2025-07,ART-0064,21,12.38,259.98,7.77
2025-07,ART-0065,17,32.7,555.9,18.12
2025-07,ART-0066,5,37.11,185.55,5.06
2025-07,ART-0067,12,14.16,169.92,6.72
2025-07,ART-0068,18,72.5,1305.0,33.91
2025-07,ART-0069,6,14.96,89.76,2.15
2025-07,ART-0070,5,43.4,217.0,7.52
2025-07,ART-0071,15,7.47,112.05,2.89
2025-07,ART-0072,16,23.33,373.28,11.29
2025-07,ART-0073,11,19.39,213.29,6.54
2025-07,ART-0074,5,22.7,113.5,3.62
2025-07,ART-0075,9,41.49,373.41,12.56
2025-07,ART-0076,8,13.37,106.96,3.81
2025-07,ART-0077,4,14.69,58.76,1.54
2025-07,ART-0078,27,19.56,528.12,13.87
2025-07,ART-0080,11,37.14,408.54,13.82
2025-07,ART-0081,4,14.61,58.44,1.46
2025-07,ART-0082,19,49.82,946.58,29.58
2025-07,ART-0083,17,18.38,312.46,9.84
2025-07,ART-0084,15,15.63,234.45,6.08
2025-07,ART-0086,17,24.39,414.63,12.93
2025-07,ART-0087,9,27.81,250.29,7.75
2025-07,ART-0088,25,21.76,544.0,18.92
2025-07,ART-0089,9,38.71,348.39,12.56
2025-07,ART-0090,8,22.76,182.08,4.9
2025-07,ART-0091,18,20.39,367.02,12.95
2025-07,ART-0092,15,30.93,463.95,16.51
2025-07,ART-0093,6,13.82,82.92,2.61
2025-07,ART-0095,19,13.68,259.92,7.41
2025-07,ART-0096,20,14.52,290.4,9.29
2025-07,ART-0097,31,31.04,962.24,22.27
2025-07,ART-0098,4,24.08,96.32,2.63
2025-07,ART-0100,9,9.56,86.04,2.77
2025-07,ART-0101,20,22.52,450.4,13.81
2025-07,ART-0102,17,21.88,371.96,9.34
2025-07,ART-0103,12,14.22,170.64,4.81
2025-07,ART-0104,11,21.33,234.63,8.11
2025-07,ART-0105,11,7.24,79.64,2.63
2025-07,ART-0106,16,35.99,575.84,19.71
2025-07,ART-0107,26,33.26,864.76,26.53
2025-07,ART-0108,6,18.92,113.52,4.15
2025-07,ART-0109,11,20.32,223.52,5.49
2025-07,ART-0110,25,11.59,289.75,9.43
2025-07,ART-0111,18,27.87,501.66,15.89
2025-07,ART-0112,7,18.11,126.77,3.67
2025-07,ART-0114,8,25.39,203.12,6.32
2025-07,ART-0115,5,18.93,94.65,3.02
2025-07,ART-0116,13,13.19,171.47,4.49
2025-07,ART-0117,29,37.83,1097.07,26.78
2025-07,ART-0118,9,15.97,143.73,4.76
2025-07,ART-0119,3,34.37,103.11,2.87
2025-07,ART-0120,19,10.7,203.3,5.19
2025-07,ART-0121,16,11.37,181.92,7.52
2025-07,ART-0122,10,23.2,232.0,7.85
2025-07,ART-0123,7,18.4,128.8,4.38
2025-07,ART-0124,12,11.51,138.12,3.45
2025-07,ART-0126,10,17.56,175.6,7.2
2025-07,ART-0127,11,18.4,202.4,6.75
2025-07,ART-0128,11,9.85,108.35,3.26
2025-07,ART-0129,10,36.73,367.3,13.37
2025-07,ART-0130,8,49.77,398.16,13.42
2025-07,ART-0131,6,34.04,204.24,6.14
2025-07,ART-0132,7,30.71,214.97,7.75
2025-07,ART-0133,6,13.26,79.56,2.64
2025-07,ART-0135,14,12.76,178.64,5.47
2025-07,ART-0136,25,24.05,601.25,16.08
2025-07,ART-0137,10,20.83,208.3,4.81
2025-07,ART-0138,7,15.9,111.3,4.51
2025-07,ART-0139,18,15.94,286.92,10.02
2025-07,ART-0140,4,18.94,75.76,2.39
2025-07,ART-0141,3,18.84,56.52,1.52
2025-07,ART-0142,3,23.56,70.68,2.28
2025-07,ART-0143,10,18.86,188.6,7.52
2025-07,ART-0144,12,19.05,228.6,7.54
2025-07,ART-0145,16,24.45,391.2,10.93
2025-07,ART-0146,4,11.69,46.76,1.32
2025-07,ART-0148,27,27.91,753.57,20.72
2025-07,ART-0149,6,16.73,100.38,2.81
2025-08,ART-0000,8,23.66,189.28,5.7
2025-08,ART-0001,17,34.04,578.68,20.6
2025-08,ART-0002,7,28.32,198.24,4.72
2025-08,ART-0004,6,21.61,129.66,4.49
2025-08,ART-0005,5,22.25,111.25,3.03
2025-08,ART-0006,6,27.41,164.46,4.01
2025-08,ART-0007,7,21.75,152.25,4.85
2025-08,ART-0008,5,10.43,52.15,1.44
2025-08,ART-0009,7,28.32,198.24,5.03
2025-08,ART-0010,22,36.98,813.56,25.91
2025-08,ART-0011,23,25.51,586.73,17.17
2025-08,ART-0012,17,16.06,273.02,8.35
2025-08,ART-0013,3,26.09,78.27,2.39
2025-08,ART-0014,8,26.47,211.76,6.89
2025-08,ART-0015,22,28.61,629.42,14.78
2025-08,ART-0016,7,43.1,301.7,8.46
2025-08,ART-0017,11,24.28,267.08,9.5
2025-08,ART-0018,18,8.58,154.44,4.99
2025-08,ART-0019,11,15.38,169.18,5.34
2025-08,ART-0020,17,29.41,499.97,15.44
2025-08,ART-0022,32,13.64,436.48,12.83
2025-08,ART-0023,11,16.03,176.33,4.7
2025-08,ART-0024,10,31.33,313.3,10.07
2025-08,ART-0025,7,25.56,178.92,5.74
2025-08,ART-0026,18,16.01,288.18,7.66
2025-08,ART-0027,12,13.12,157.44,5.22
2025-08,ART-0028,40,27.88,1115.2,28.76
2025-08,ART-0029,13,43.52,565.76,16.63
2025-08,ART-0030,3,44.59,133.77,3.98
2025-08,ART-0032,12,34.42,413.04,11.47
2025-08,ART-0033,15,20.95,314.25,7.04
2025-08,ART-0034,3,10.05,30.15,0.95
2025-08,ART-0035,10,20.09,200.9,6.22
2025-08,ART-0036,9,28.08,252.72,8.5
2025-08,ART-0037,31,23.53,729.43,19.4
2025-08,ART-0038,7,41.13,287.91,9.34
2025-08,ART-0039,6,37.14,222.84,5.79
2025-08,ART-0040,8,13.64,109.12,2.93
2025-08,ART-0042,2,31.42,62.84,1.8
2025-08,ART-0043,5,16.75,83.75,3.03
2025-08,ART-0044,47,11.77,553.19,17.88
2025-08,ART-0045,2,14.61,29.22,0.77
2025-08,ART-0046,7,23.71,165.97,5.1
2025-08,ART-0047,7,24.56,171.92,5.02
2025-08,ART-0048,20,14.65,293.0,7.84
2025-08,ART-0049,5,42.75,213.75,6.09
2025-08,ART-0050,6,32.8,196.8,6.62
2025-08,ART-0051,13,7.15,92.95,3.42
2025-08,ART-0052,4,21.0,84.0,2.01
2025-08,ART-0053,25,15.05,376.25,10.25
2025-08,ART-0054,11,16.13,177.43,5.07
2025-08,ART-0055,13,15.53,201.89,6.46
2025-08,ART-0056,17,28.89,491.13,17.8
2025-08,ART-0057,30,23.92,717.6,21.0
2025-08,ART-0059,10,10.25,102.5,2.97
2025-08,ART-0060,38,10.12,384.56,15.36
2025-08,ART-0061,12,19.23,230.76,6.0
2025-08,ART-0062,7,20.73,145.11,5.09
2025-08,ART-0063,11,15.31,168.41,5.45
2025-08,ART-0064,12,12.59,151.08,4.71
2025-08,ART-0065,13,32.58,423.54,10.88
2025-08,ART-0066,6,37.74,226.44,5.66
2025-08,ART-0068,18,73.1,1315.8,45.7
2025-08,ART-0069,12,15.1,181.2,7.39
2025-08,ART-0070,7,42.78,299.46,10.81
2025-08,ART-0071,10,7.29,72.9,2.03
2025-08,ART-0072,18,23.54,423.72,14.2
2025-08,ART-0073,11,19.43,213.73,6.49
2025-08,ART-0075,6,41.24,247.44,9.22
2025-08,ART-0076,8,12.99,103.92,3.63
2025-08,ART-0077,6,14.63,87.78,3.04
2025-08,ART-0078,20,19.15,383.0,9.45
2025-08,ART-0079,6,13.66,81.96,1.81
2025-08,ART-0081,4,14.43,57.72,1.77
2025-08,ART-0082,12,50.18,602.16,24.21
2025-08,ART-0084,14,15.5,217.0,6.61
2025-08,ART-0086,13,24.48,318.24,13.29
2025-08,ART-0087,5,27.66,138.3,3.53
2025-08,ART-0088,24,21.28,510.72,12.38
2025-08,ART-0089,13,38.53,500.89,18.83
2025-08,ART-0090,7,23.09,161.63,4.42
2025-08,ART-0091,15,20.5,307.5,9.37
2025-08,ART-0092,33,31.05,1024.65,31.06
2025-08,ART-0094,10,11.21,112.1,4.07
2025-08,ART-0095,15,13.54,203.1,7.14
2025-08,ART-0096,11,14.78,162.58,5.0
2025-08,ART-0097,20,30.94,618.8,17.81
2025-08,ART-0099,3,24.53,73.59,2.52
2025-08,ART-0100,12,9.65,115.8,4.03
2025-08,ART-0101,21,22.91,481.11,13.61
2025-08,ART-0102,12,22.07,264.84,8.18
2025-08,ART-0104,6,21.94,131.64,3.73
2025-08,ART-0105,11,7.31,80.41,2.62
2025-08,ART-0106,22,35.22,774.84,25.01
2025-08,ART-0108,4,19.23,76.92,2.81
2025-08,ART-0109,7,19.73,138.11,3.88
2025-08,ART-0110,23,11.7,269.1,8.9
2025-08,ART-0111,9,27.41,246.69,5.3
2025-08,ART-0112,4,17.94,71.76,2.74
2025-08,ART-0113,14,17.08,239.12,6.94
2025-08,ART-0114,7,25.32,177.24,4.05
2025-08,ART-0115,9,19.13,172.17,5.55
2025-08,ART-0116,6,12.85,77.1,3.09
2025-08,ART-0118,8,15.97,127.76,3.28
2025-08,ART-0119,6,34.43,206.58,6.53
2025-08,ART-0121,13,11.52,149.76,4.8
2025-08,ART-0122,9,23.23,209.07,6.13
2025-08,ART-0123,6,18.13,108.78,3.25
2025-08,ART-0124,22,11.73,258.06,8.04
2025-08,ART-0126,7,17.65,123.55,3.79
2025-08,ART-0127,12,18.57,222.84,6.49
2025-08,ART-0128,8,9.87,78.96,2.11
2025-08,ART-0129,9,36.04,324.36,8.26
2025-08,ART-0130,10,50.48,504.8,13.77
2025-08,ART-0131,4,34.87,139.48,4.11
2025-08,ART-0132,6,30.74,184.44,5.21
2025-08,ART-0134,11,17.16,188.76,5.75
2025-08,ART-0135,14,12.9,180.6,4.91
2025-08,ART-0136,14,24.56,343.84,11.77
2025-08,ART-0137,8,21.11,168.88,6.16
2025-08,ART-0138,8,15.85,126.8,3.4
2025-08,ART-0139,16,16.33,261.28,8.57
2025-08,ART-0141,5,18.42,92.1,3.41
2025-08,ART-0142,3,23.63,70.89,2.15
2025-08,ART-0143,11,19.14,210.54,6.71
2025-08,ART-0144,7,19.04,133.28,3.19
2025-08,ART-0145,16,24.19,387.04,11.15
2025-08,ART-0146,5,11.69,58.45,1.85
2025-08,ART-0147,10,25.4,254.0,8.02
2025-08,ART-0148,27,27.7,747.9,20.68
2025-08,ART-0149,5,16.49,82.45,2.16
2025-09,ART-0000,9,23.24,209.16,6.71
2025-09,ART-0001,18,33.58,604.44,15.36
2025-09,ART-0002,13,28.2,366.6,10.7
2025-09,ART-0004,6,21.38,128.28,2.89
2025-09,ART-0005,6,22.49,134.94,4.4
2025-09,ART-0006,10,27.36,273.6,8.89
2025-09,ART-0007,6,21.78,130.68,3.61
2025-09,ART-0008,8,10.39,83.12,3.21
2025-09,ART-0009,7,28.09,196.63,6.33
2025-09,ART-0010,29,37.22,1079.38,29.35
2025-09,ART-0011,19,25.82,490.58,14.1
2025-09,ART-0012,16,15.81,252.96,8.16
2025-09,ART-0014,13,24.94,324.22,10.29
2025-09,ART-0015,23,28.98,666.54,19.21
2025-09,ART-0016,12,42.31,507.72,17.51
2025-09,ART-0017,8,24.68,197.44,6.38
2025-09,ART-0018,19,8.34,158.46,4.91
2025-09,ART-0019,10,15.48,154.8,3.4
2025-09,ART-0020,12,29.52,354.24,12.74
2025-09,ART-0021,8,36.44,291.52,9.33
2025-09,ART-0022,28,13.57,379.96,12.65
2025-09,ART-0023,9,16.22,145.98,4.64
2025-09,ART-0024,14,30.66,429.24,12.54
2025-09,ART-0026,19,16.1,305.9,7.22
2025-09,ART-0027,12,13.0,156.0,4.5
2025-09,ART-0029,11,42.84,471.24,14.07
2025-09,ART-0030,4,44.56,178.24,4.07
2025-09,ART-0032,14,34.02,476.28,14.33
2025-09,ART-0033,13,21.19,275.47,10.08
2025-09,ART-0034,2,10.11,20.22,0.61
2025-09,ART-0035,8,19.71,157.68,4.95
2025-09,ART-0036,14,28.53,399.42,11.95
2025-09,ART-0037,22,23.39,514.58,17.95
2025-09,ART-0039,8,36.33,290.64,8.94
2025-09,ART-0041,38,16.56,629.28,16.67
2025-09,ART-0042,4,31.66,126.64,3.57
2025-09,ART-0043,4,16.92,67.68,1.74
2025-09,ART-0044,29,11.57,335.53,8.45
2025-09,ART-0045,5,14.41,72.05,2.48
2025-09,ART-0046,14,23.58,330.12,13.11
2025-09,ART-0049,7,42.57,297.99,9.97
2025-09,ART-0050,10,33.05,330.5,11.05
2025-09,ART-0051,19,7.17,136.23,3.47
2025-09,ART-0052,4,21.14,84.56,2.58
2025-09,ART-0053,26,15.45,401.7,11.28
2025-09,ART-0054,14,15.57,217.98,8.72
2025-09,ART-0055,14,15.33,214.62,5.99
2025-09,ART-0056,22,28.55,628.1,17.61
2025-09,ART-0057,22,23.85,524.7,16.09
2025-09,ART-0058,14,39.93,559.02,11.78
2025-09,ART-0059,16,10.06,160.96,4.46
2025-09,ART-0061,12,19.46,233.52,6.29
2025-09,ART-0063,15,15.57,233.55,7.47
2025-09,ART-0064,12,12.69,152.28,5.1
2025-09,ART-0065,14,32.41,453.74,12.0
2025-09,ART-0066,6,37.77,226.62,6.75
2025-09,ART-0067,25,13.83,345.75,9.4
2025-09,ART-0068,11,71.75,789.25,19.29
2025-09,ART-0069,10,15.11,151.1,6.11
2025-09,ART-0070,8,43.3,346.4,13.4
2025-09,ART-0071,10,7.37,73.7,2.66
2025-09,ART-0072,19,23.42,444.98,13.35
2025-09,ART-0074,6,22.63,135.78,3.28
2025-09,ART-0075,7,40.44,283.08,7.34
2025-09,ART-0077,4,14.63,58.52,2.01
2025-09,ART-0078,16,19.95,319.2,9.91
2025-09,ART-0080,26,36.82,957.32,28.38
2025-09,ART-0082,12,50.43,605.16,17.24
2025-09,ART-0083,20,18.0,360.0,11.57
2025-09,ART-0084,12,15.86,190.32,6.33
2025-09,ART-0087,7,27.27,190.89,6.64
2025-09,ART-0088,25,21.46,536.5,15.78
2025-09,ART-0090,9,22.7,204.3,5.54
2025-09,ART-0091,21,20.14,422.94,12.09
2025-09,ART-0093,10,13.88,138.8,3.9
2025-09,ART-0094,7,11.42,79.94,2.51
2025-09,ART-0095,18,13.43,241.74,6.86
2025-09,ART-0096,26,14.44,375.44,11.01
2025-09,ART-0097,16,31.02,496.32,18.28
2025-09,ART-0099,6,24.1,144.6,5.23
2025-09,ART-0100,10,9.67,96.7,2.95
2025-09,ART-0101,18,22.45,404.1,11.28
2025-09,ART-0102,21,22.68,476.28,16.06
2025-09,ART-0103,16,13.88,222.08,6.13
2025-09,ART-0104,10,21.44,214.4,4.9
2025-09,ART-0105,6,7.21,43.26,1.34
2025-09,ART-0107,18,32.94,592.92,17.75
2025-09,ART-0108,6,19.25,115.5,3.7
2025-09,ART-0109,6,20.19,121.14,3.2
2025-09,ART-0110,33,11.75,387.75,11.88
2025-09,ART-0111,24,27.74,665.76,19.6
2025-09,ART-0112,8,17.84,142.72,4.92
2025-09,ART-0113,23,17.03,391.69,11.08
2025-09,ART-0114,9,25.32,227.88,6.44
2025-09,ART-0115,5,19.14,95.7,3.03
2025-09,ART-0116,14,13.22,185.08,4.59
2025-09,ART-0117,21,37.91,796.11,19.55
2025-09,ART-0118,10,15.53,155.3,5.22
2025-09,ART-0119,5,35.02,175.1,4.46
2025-09,ART-0120,11,10.7,117.7,3.64
2025-09,ART-0121,23,11.65,267.95,10.2
2025-09,ART-0122,22,22.99,505.78,18.39
2025-09,ART-0123,7,17.78,124.46,3.52
2025-09,ART-0124,20,11.76,235.2,5.88
2025-09,ART-0125,17,14.43,245.31,7.42
2025-09,ART-0126,8,17.8,142.4,4.47
2025-09,ART-0127,14,18.58,260.12,9.06
2025-09,ART-0128,15,9.8,147.0,4.04
2025-09,ART-0129,9,36.04,324.36,12.44
2025-09,ART-0130,6,50.25,301.5,10.15
2025-09,ART-0131,8,34.19,273.52,8.8
2025-09,ART-0133,7,13.33,93.31,2.74
2025-09,ART-0134,7,17.04,119.28,4.37
2025-09,ART-0135,15,13.15,197.25,6.11
2025-09,ART-0136,24,24.34,584.16,18.09
2025-09,ART-0137,6,21.25,127.5,2.94
2025-09,ART-0139,12,16.28,195.36,5.28
2025-09,ART-0140,7,19.12,133.84,3.63
2025-09,ART-0141,4,18.55,74.2,2.7
2025-09,ART-0144,9,19.21,172.89,5.17
2025-09,ART-0145,16,23.96,383.36,11.79
2025-09,ART-0146,8,11.55,92.4,2.43
2025-09,ART-0147,14,25.89,362.46,12.49
2025-09,ART-0148,36,28.38,1021.68,31.35
2025-09,ART-0149,7,16.76,117.32,3.3
2025-10,ART-0000,8,23.05,184.4,4.36
2025-10,ART-0001,20,33.81,676.2,16.04
2025-10,ART-0002,16,27.66,442.56,14.25
2025-10,ART-0003,6,18.09,108.54,4.02
2025-10,ART-0004,8,22.01,176.08,6.56
2025-10,ART-0005,4,23.02,92.08,2.31
2025-10,ART-0006,11,27.0,297.0,8.64
2025-10,ART-0007,5,22.25,111.25,3.07
2025-10,ART-0009,5,28.36,141.8,3.7
2025-10,ART-0010,21,37.01,777.21,26.78
2025-10,ART-0012,20,15.91,318.2,7.46
2025-10,ART-0013,3,25.54,76.62,2.65
2025-10,ART-0014,6,26.29,157.74,4.91
2025-10,ART-0015,18,27.67,498.06,14.65
2025-10,ART-0016,11,43.12,474.32,15.99
2025-10,ART-0019,12,15.06,180.72,5.16
2025-10,ART-0022,36,13.39,482.04,14.83
2025-10,ART-0023,13,15.85,206.05,6.29
2025-10,ART-0024,10,30.98,309.8,7.71
2025-10,ART-0025,6,25.4,152.4,4.68
2025-10,ART-0026,23,16.13,370.99,12.46
2025-10,ART-0027,13,12.84,166.92,5.78
2025-10,ART-0028,37,27.57,1020.09,36.76
2025-10,ART-0029,11,42.09,462.99,11.78
2025-10,ART-0031,25,16.54,413.5,11.43
2025-10,ART-0032,15,34.81,522.15,14.27
2025-10,ART-0033,13,20.73,269.49,5.84
2025-10,ART-0034,4,9.97,39.88,1.04
2025-10,ART-0035,9,19.63,176.67,6.04
2025-10,ART-0036,13,28.16,366.08,8.52
2025-10,ART-0037,16,23.52,376.32,10.94
2025-10,ART-0038,8,40.9,327.2,10.77
2025-10,ART-0039,12,36.37,436.44,13.58
2025-10,ART-0041,29,16.56,480.24,18.36
2025-10,ART-0042,2,31.74,63.48,1.95
2025-10,ART-0043,5,17.09,85.45,3.35
2025-10,ART-0044,36,11.73,422.28,12.9
2025-10,ART-0045,7,14.27,99.89,3.53
2025-10,ART-0046,16,23.35,373.6,13.83
2025-10,ART-0047,8,24.38,195.04,5.94
2025-10,ART-0048,25,14.58,364.5,12.73
2025-10,ART-0049,6,41.59,249.54,7.84
2025-10,ART-0050,10,32.42,324.2,10.13
2025-10,ART-0052,5,21.49,107.45,3.64
2025-10,ART-0053,22,15.36,337.92,9.02
2025-10,ART-0054,18,15.6,280.8,8.08
2025-10,ART-0055,10,15.39,153.9,4.88
2025-10,ART-0056,25,29.21,730.25,17.38
2025-10,ART-0057,20,24.17,483.4,21.07
2025-10,ART-0058,15,40.24,603.6,15.04
2025-10,ART-0061,7,19.59,137.13,4.31
2025-10,ART-0062,8,20.48,163.84,5.4
2025-10,ART-0063,12,15.68,188.16,5.56
2025-10,ART-0064,29,12.62,365.98,8.83
2025-10,ART-0065,8,32.44,259.52,9.8
2025-10,ART-0066,3,36.98,110.94,2.14
2025-10,ART-0067,15,13.92,208.8,6.12
2025-10,ART-0068,9,72.64,653.76,22.22
2025-10,ART-0069,11,15.13,166.43,4.53
2025-10,ART-0070,6,43.88,263.28,8.47
2025-10,ART-0071,15,7.29,109.35,3.57
2025-10,ART-0074,6,22.49,134.94,3.78
2025-10,ART-0075,6,40.94,245.64,7.11
2025-10,ART-0076,7,12.96,90.72,2.58
2025-10,ART-0078,13,19.92,258.96,9.91
2025-10,ART-0079,4,13.66,54.64,2.05
2025-10,ART-0081,5,14.14,70.7,2.71
2025-10,ART-0083,19,18.21,345.99,8.42
2025-10,ART-0084,14,15.57,217.98,7.78
2025-10,ART-0085,52,51.07,2655.64,90.75
2025-10,ART-0088,28,21.32,596.96,18.97
2025-10,ART-0089,9,39.03,351.27,10.86
2025-10,ART-0090,10,23.1,231.0,6.39
2025-10,ART-0091,26,20.45,531.7,14.39
2025-10,ART-0092,30,30.73,921.9,26.22
2025-10,ART-0093,9,13.9,125.1,4.02
2025-10,ART-0094,12,11.19,134.28,5.43
2025-10,ART-0095,8,13.52,108.16,3.39
2025-10,ART-0096,9,14.55,130.95,4.29
2025-10,ART-0097,21,31.26,656.46,26.34
2025-10,ART-0098,5,24.07,120.35,3.24
2025-10,ART-0099,3,24.55,73.65,1.95
2025-10,ART-0100,11,9.87,108.57,2.86
2025-10,ART-0101,21,22.08,463.68,16.22
2025-10,ART-0102,13,22.32,290.16,8.74
2025-10,ART-0103,18,13.68,246.24,7.71
2025-10,ART-0104,16,21.45,343.2,10.14
2025-10,ART-0105,10,7.23,72.3,2.41
2025-10,ART-0106,28,35.53,994.84,24.63
2025-10,ART-0107,22,33.13,728.86,14.89
2025-10,ART-0108,5,19.15,95.75,3.28
2025-10,ART-0109,7,19.93,139.51,4.08
2025-10,ART-0110,20,11.52,230.4,8.03
2025-10,ART-0111,12,27.1,325.2,9.24
2025-10,ART-0113,26,17.09,444.34,12.41
2025-10,ART-0114,9,25.56,230.04,8.67
2025-10,ART-0115,11,18.67,205.37,5.98
2025-10,ART-0116,9,13.3,119.7,4.36
2025-10,ART-0117,21,37.19,780.99,27.99
2025-10,ART-0118,8,15.63,125.04,3.68
2025-10,ART-0119,6,34.72,208.32,7.35
2025-10,ART-0120,20,10.63,212.6,4.49
2025-10,ART-0122,14,23.13,323.82,10.62
2025-10,ART-0123,11,18.03,198.33,7.17
2025-10,ART-0124,22,11.51,253.22,8.88
2025-10,ART-0126,15,17.48,262.2,7.18
2025-10,ART-0127,12,18.76,225.12,6.45
2025-10,ART-0129,9,35.53,319.77,9.07
2025-10,ART-0130,11,49.81,547.91,18.09
2025-10,ART-0131,5,34.9,174.5,6.34
2025-10,ART-0132,7,30.62,214.34,6.33
2025-10,ART-0133,5,13.13,65.65,1.76
2025-10,ART-0134,9,17.34,156.06,5.27
2025-10,ART-0135,24,12.95,310.8,9.62
2025-10,ART-0136,15,24.03,360.45,9.32
2025-10,ART-0137,10,20.75,207.5,7.41
2025-10,ART-0140,3,19.36,58.08,1.76
2025-10,ART-0141,4,18.65,74.6,2.46
2025-10,ART-0142,7,23.26,162.82,5.2
2025-10,ART-0143,9,18.61,167.49,4.26
2025-10,ART-0144,6,19.13,114.78,3.95
2025-10,ART-0145,19,23.94,454.86,13.17
2025-10,ART-0147,8,25.7,205.6,7.41
2025-10,ART-0148,47,27.76,1304.72,49.9
2025-10,ART-0149,7,16.54,115.78,4.27
2025-11,ART-0000,5,23.52,117.6,4.19
2025-11,ART-0001,14,33.47,468.58,15.75
2025-11,ART-0002,18,28.16,506.88,13.42
2025-11,ART-0003,4,18.06,72.24,2.15
2025-11,ART-0006,11,26.69,293.59,9.83
2025-11,ART-0007,10,21.68,216.8,6.24
2025-11,ART-0009,10,28.45,284.5,9.34
2025-11,ART-0010,13,36.76,477.88,15.77
2025-11,ART-0011,16,25.53,408.48,12.06
2025-11,ART-0012,16,16.05,256.8,7.33
2025-11,ART-0014,12,25.85,310.2,10.65
2025-11,ART-0015,21,28.08,589.68,13.26
2025-11,ART-0016,12,42.36,508.32,16.72
2025-11,ART-0017,12,24.06,288.72,8.63
2025-11,ART-0019,12,15.08,180.96,4.93
2025-11,ART-0020,15,28.94,434.1,16.07
2025-11,ART-0021,13,36.66,476.58,13.71
2025-11,ART-0022,27,13.39,361.53,11.35
2025-11,ART-0023,12,15.54,186.48,5.22
2025-11,ART-0025,6,25.74,154.44,5.03
2025-11,ART-0026,15,15.9,238.5,7.34
2025-11,ART-0027,12,13.17,158.04,4.68
2025-11,ART-0028,43,27.43,1179.49,37.11
2025-11,ART-0029,15,42.41,636.15,17.64
2025-11,ART-0030,4,44.85,179.4,6.09
2025-11,ART-0031,30,16.79,503.7,16.74
2025-11,ART-0032,9,34.75,312.75,10.24
2025-11,ART-0033,16,20.52,328.32,11.81
2025-11,ART-0034,3,10.04,30.12,0.87
2025-11,ART-0035,8,19.18,153.44,4.38
2025-11,ART-0036,9,28.37,255.33,6.77
2025-11,ART-0037,25,23.24,581.0,18.01
2025-11,ART-0038,8,41.31,330.48,11.8
2025-11,ART-0040,12,13.79,165.48,5.28
2025-11,ART-0041,20,16.4,328.0,11.08
2025-11,ART-0042,4,31.52,126.08,3.52
2025-11,ART-0043,4,16.68,66.72,2.31
2025-11,ART-0044,44,11.65,512.6,15.48
2025-11,ART-0045,6,14.29,85.74,2.56
2025-11,ART-0047,12,24.19,290.28,8.35
2025-11,ART-0048,16,14.59,233.44,6.93
2025-11,ART-0049,6,43.37,260.22,9.02
2025-11,ART-0050,11,32.87,361.57,11.41
2025-11,ART-0051,12,7.23,86.76,3.03
2025-11,ART-0052,4,21.18,84.72,2.78
2025-11,ART-0053,18,15.24,274.32,8.31
2025-11,ART-0054,11,15.9,174.9,5.13
2025-11,ART-0056,36,28.99,1043.64,32.71
2025-11,ART-0057,22,23.98,527.56,16.06
2025-11,ART-0058,11,40.33,443.63,12.73
2025-11,ART-0059,11,10.38,114.18,3.83
2025-11,ART-0060,20,10.2,204.0,4.34
2025-11,ART-0061,13,19.1,248.3,7.6
2025-11,ART-0062,8,20.58,164.64,4.92
2025-11,ART-0063,18,15.74,283.32,6.65
2025-11,ART-0065,15,32.86,492.9,11.69
2025-11,ART-0066,3,37.4,112.2,3.7
2025-11,ART-0067,16,13.94,223.04,7.07
2025-11,ART-0068,13,73.21,951.73,31.5
2025-11,ART-0070,5,44.09,220.45,7.07
2025-11,ART-0072,14,23.48,328.72,10.95
2025-11,ART-0075,4,41.54,166.16,3.0
2025-11,ART-0076,13,13.26,172.38,4.93
2025-11,ART-0077,7,14.43,101.01,3.42
2025-11,ART-0078,17,19.62,333.54,10.64
2025-11,ART-0079,8,13.88,111.04,2.54
2025-11,ART-0080,12,37.02,444.24,14.88
2025-11,ART-0081,7,14.2,99.4,3.54
2025-11,ART-0082,11,50.68,557.48,14.77
2025-11,ART-0083,21,18.21,382.41,11.89
2025-11,ART-0084,16,15.7,251.2,6.77
2025-11,ART-0085,25,50.03,1250.75,45.72
2025-11,ART-0086,17,24.83,422.11,13.92
2025-11,ART-0087,3,28.05,84.15,2.87
2025-11,ART-0088,35,21.49,752.15,28.85
2025-11,ART-0089,12,38.71,464.52,16.19
2025-11,ART-0090,9,22.52,202.68,6.13
2025-11,ART-0091,24,20.11,482.64,20.33
2025-11,ART-0092,37,30.56,1130.72,38.94
2025-11,ART-0093,7,13.7,95.9,3.03
2025-11,ART-0094,13,11.2,145.6,3.89
2025-11,ART-0096,12,14.34,172.08,4.73
2025-11,ART-0097,34,30.91,1050.94,24.54
2025-11,ART-0098,4,24.01,96.04,2.68
2025-11,ART-0099,4,24.3,97.2,3.13
2025-11,ART-0100,11,9.68,106.48,2.49
2025-11,ART-0102,9,22.52,202.68,6.04
2025-11,ART-0104,8,21.47,171.76,4.48
2025-11,ART-0105,9,7.13,64.17,2.0
2025-11,ART-0106,30,35.62,1068.6,35.23
2025-11,ART-0107,24,32.8,787.2,22.81
2025-11,ART-0108,6,19.13,114.78,2.77
2025-11,ART-0110,25,11.65,291.25,8.09
2025-11,ART-0111,8,27.77,222.16,5.27
2025-11,ART-0112,6,17.86,107.16,4.19
2025-11,ART-0113,26,16.77,436.02,12.82
2025-11,ART-0115,7,18.94,132.58,4.48
2025-11,ART-0116,11,13.2,145.2,5.06
2025-11,ART-0118,8,15.36,122.88,3.61
2025-11,ART-0119,5,34.34,171.7,5.5
2025-11,ART-0120,25,10.67,266.75,10.19
2025-11,ART-0121,19,11.42,216.98,8.51
2025-11,ART-0122,12,23.33,279.96,10.05
2025-11,ART-0123,12,18.17,218.04,5.74
2025-11,ART-0124,20,11.54,230.8,5.71
2025-11,ART-0125,23,14.65,336.95,8.51
2025-11,ART-0126,11,17.56,193.16,5.15
2025-11,ART-0127,9,18.81,169.29,5.3
2025-11,ART-0128,7,9.72,68.04,2.15
2025-11,ART-0129,14,36.59,512.26,18.16
2025-11,ART-0130,6,49.36,296.16,8.84
2025-11,ART-0131,5,33.94,169.7,5.77
2025-11,ART-0133,6,13.03,78.18,2.4
2025-11,ART-0134,9,17.37,156.33,4.89
2025-11,ART-0135,12,13.13,157.56,4.06
2025-11,ART-0136,11,24.08,264.88,8.46
2025-11,ART-0137,7,21.25,148.75,5.12
2025-11,ART-0138,11,16.15,177.65,4.54
2025-11,ART-0139,14,16.18,226.52,6.87
2025-11,ART-0140,5,19.22,96.1,2.87
2025-11,ART-0141,4,18.51,74.04,1.94
2025-11,ART-0143,10,18.89,188.9,5.19
2025-11,ART-0144,9,19.03,171.27,5.67
2025-11,ART-0145,16,24.31,388.96,11.91
2025-11,ART-0146,5,11.58,57.9,1.51
2025-11,ART-0147,8,26.12,208.96,7.07
2025-11,ART-0149,4,16.76,67.04,1.79
2025-12,ART-0000,8,23.86,190.88,5.85
2025-12,ART-0002,11,28.69,315.59,9.27
2025-12,ART-0004,6,21.82,130.92,3.83
2025-12,ART-0005,5,22.93,114.65,3.86
2025-12,ART-0006,18,26.94,484.92,12.27
2025-12,ART-0007,8,21.5,172.0,4.85
2025-12,ART-0008,7,10.43,73.01,2.12
2025-12,ART-0010,14,36.61,512.54,9.59
2025-12,ART-0011,17,26.06,443.02,13.15
2025-12,ART-0012,23,15.59,358.57,12.93
2025-12,ART-0013,3,26.13,78.39,2.57
2025-12,ART-0015,20,28.95,579.0,20.28
2025-12,ART-0016,7,42.72,299.04,8.56
2025-12,ART-0017,8,24.0,192.0,4.1
2025-12,ART-0018,20,8.42,168.4,4.95
2025-12,ART-0019,11,15.25,167.75,5.18
2025-12,ART-0020,15,29.29,439.35,16.6
2025-12,ART-0021,10,37.21,372.1,11.72
2025-12,ART-0023,10,16.01,160.1,3.53
2025-12,ART-0024,11,30.83,339.13,10.57
2025-12,ART-0025,7,25.95,181.65,5.09
2025-12,ART-0026,14,16.03,224.42,7.58
2025-12,ART-0027,13,12.94,168.22,6.45
2025-12,ART-0028,45,27.62,1242.9,46.78
2025-12,ART-0029,17,41.95,713.15,22.31
2025-12,ART-0031,20,16.7,334.0,8.33
2025-12,ART-0032,11,34.94,384.34,11.41
2025-12,ART-0033,18,21.13,380.34,10.38
2025-12,ART-0034,4,10.0,40.0,1.66
2025-12,ART-0035,5,19.73,98.65,2.84
2025-12,ART-0036,20,28.02,560.4,16.46
2025-12,ART-0037,21,23.54,494.34,15.6
2025-12,ART-0038,10,40.25,402.5,14.34
2025-12,ART-0039,7,37.21,260.47,8.89
2025-12,ART-0040,8,13.65,109.2,3.43
2025-12,ART-0041,39,16.71,651.69,19.07
2025-12,ART-0042,2,31.23,62.46,1.86
2025-12,ART-0043,3,16.63,49.89,1.66
2025-12,ART-0045,5,14.24,71.2,1.78
2025-12,ART-0046,14,23.76,332.64,7.52
2025-12,ART-0048,13,14.48,188.24,6.68
2025-12,ART-0049,11,42.0,462.0,15.29
2025-12,ART-0050,9,32.97,296.73,8.68
2025-12,ART-0051,15,7.03,105.45,3.3
2025-12,ART-0052,4,21.02,84.08,2.66
2025-12,ART-0053,17,15.14,257.38,8.78
2025-12,ART-0054,13,15.96,207.48,6.22
2025-12,ART-0055,9,15.42,138.78,4.91
2025-12,ART-0056,14,28.08,393.12,9.29
2025-12,ART-0057,38,23.96,910.48,23.8
2025-12,ART-0058,14,39.89,558.46,15.63
2025-12,ART-0060,24,10.33,247.92,7.68
2025-12,ART-0061,15,19.38,290.7,9.14
2025-12,ART-0062,5,20.28,101.4,2.91
2025-12,ART-0063,11,15.47,170.17,6.73
2025-12,ART-0064,13,12.75,165.75,5.32
2025-12,ART-0065,10,33.06,330.6,10.03
2025-12,ART-0066,4,37.77,151.08,4.61
2025-12,ART-0067,11,14.0,154.0,5.66
2025-12,ART-0068,21,72.31,1518.51,46.98
2025-12,ART-0069,8,15.19,121.52,4.35
2025-12,ART-0070,4,43.43,173.72,5.03
2025-12,ART-0071,14,7.42,103.88,2.82
2025-12,ART-0072,20,23.15,463.0,11.76
2025-12,ART-0074,8,22.32,178.56,5.78
2025-12,ART-0076,15,13.12,196.8,6.46
2025-12,ART-0077,3,14.56,43.68,1.4
2025-12,ART-0078,20,20.07,401.4,12.81
2025-12,ART-0079,6,13.58,81.48,2.66
2025-12,ART-0080,9,37.06,333.54,8.91
2025-12,ART-0081,5,14.35,71.75,2.21
2025-12,ART-0082,13,49.81,647.53,24.34
2025-12,ART-0084,20,15.56,311.2,11.3
2025-12,ART-0085,31,50.66,1570.46,36.73
2025-12,ART-0086,18,24.85,447.3,15.38
2025-12,ART-0087,3,27.62,82.86,2.76
2025-12,ART-0088,17,21.34,362.78,11.27
2025-12,ART-0090,9,22.68,204.12,6.7
2025-12,ART-0092,12,30.7,368.4,11.53
2025-12,ART-0093,4,13.85,55.4,2.05
2025-12,ART-0094,8,11.22,89.76,2.92
2025-12,ART-0096,23,14.64,336.72,9.11
2025-12,ART-0097,19,31.18,592.42,17.48
2025-12,ART-0098,5,23.72,118.6,3.18
2025-12,ART-0099,3,24.1,72.3,2.25
2025-12,ART-0100,15,9.71,145.65,4.34
2025-12,ART-0101,24,22.93,550.32,12.74
2025-12,ART-0102,24,21.98,527.52,14.6
2025-12,ART-0103,15,13.96,209.4,5.93
2025-12,ART-0104,8,21.6,172.8,5.28
2025-12,ART-0106,28,35.23,986.44,31.15
2025-12,ART-0107,21,32.87,690.27,18.85
2025-12,ART-0108,8,19.02,152.16,4.39
2025-12,ART-0109,7,20.07,140.49,3.42
2025-12,ART-0110,29,11.4,330.6,9.99
2025-12,ART-0112,8,18.04,144.32,4.4
2025-12,ART-0113,23,17.06,392.38,13.4
2025-12,ART-0115,12,18.9,226.8,7.71
2025-12,ART-0118,10,15.24,152.4,5.33
2025-12,ART-0119,4,34.35,137.4,4.36
2025-12,ART-0120,17,10.56,179.52,7.12
2025-12,ART-0121,13,11.66,151.58,4.11
2025-12,ART-0122,12,22.66,271.92,8.26
2025-12,ART-0123,8,17.71,141.68,5.18
2025-12,ART-0124,13,11.5,149.5,5.14
2025-12,ART-0125,38,14.43,548.34,15.25
2025-12,ART-0127,12,18.83,225.96,7.91
2025-12,ART-0128,11,9.62,105.82,2.64
2025-12,ART-0129,12,36.28,435.36,13.64
2025-12,ART-0130,12,49.99,599.88,14.86
2025-12,ART-0132,5,31.02,155.1,5.04
2025-12,ART-0133,6,13.0,78.0,2.8
2025-12,ART-0134,7,17.47,122.29,2.99
2025-12,ART-0135,13,13.07,169.91,5.66
2025-12,ART-0136,16,23.96,383.36,13.74
2025-12,ART-0137,6,21.12,126.72,4.14
2025-12,ART-0138,12,16.0,192.0,6.31
2025-12,ART-0139,16,16.07,257.12,7.68
2025-12,ART-0140,3,19.12,57.36,1.84
2025-12,ART-0142,3,23.56,70.68,2.33
2025-12,ART-0143,7,19.07,133.49,3.29
2025-12,ART-0146,5,11.75,58.75,2.32
2025-12,ART-0147,14,26.37,369.18,9.19
2025-12,ART-0148,43,28.47,1224.21,40.79
2025-12,ART-0149,6,16.55,99.3,3.09
